frame,status,lemma,example,functors,frequency,UMR concept,UMR roles,meaning,conversion rules,notes
v-w2_MPf100_MP,reviewed,sum,"""[...] (finis) qui item est universitatis principium""","ACT(obl), PAT(obl)",221,identity-91,ARG1|ARG2,,,
v-w73_MPf1_MP,obsolete,habeo,"""[...] (homo) aliquam partem habet [...]""","ACT(obl), PAT(obl)",,,,,,
v-w2_MPf102_MP,reviewed,sum,"""[...] in intellectu iam Deum esse oporteat""","ACT(obl), LOC(non)",76,have-place-91,ARG1|ARG2,,,
v-w73_MPf2_MP,substituted_v-w73_MPf16_MP,habeo,"""[...] quia non habet amaritudinem conversatio illius [...]""","ACT(obl), PAT(obl)",,,,,,
v-w2_MPf103_MP,reviewed,sum,"""eiusdem autem est [...] prosequi et [...] refutare [...]""","ACT(obl), PAT(obl)",4,sum-NEW-10,ARG1|ARG2,"be a duty of, be the office of someone",,"""it belongs to the wise man"""
v-w73_MPf3_MP,substituted_v-w73_MPf17_MP,habeo,"""[...] intellectus noster se habet [...]""","ACT(obl), PAT(obl)",,,,,,
v-w2_MPf104_MP,reviewed,sum,"""[...] sapientiae studium est perfectius, sublimius, utilius et iucundius""","ACT(obl), PAT(obl)",175,have-mod-91,ARG1|ARG2,,,
v-w73_MPf4_MP,substituted_v-w73_MPf18_MP,habeo,"""[...] ex quo ratione (vertitas) haberi potest [...]""","ACT(obl), PAT(obl)",,,,,,
v-w2_MPf105_MP,reviewed,sum,"""[...] in moventibus et motis non sit procedere in infinitum""","ACT(obl), LOC(non)",1,"(!delete,ACT)","!root,!modal-strength(neutral-affirmative)|place",,"delete the node, change modal-strength to neutral for the ACT",
v-w73_MPf5_MP,substituted_v-w73_MPf20_MP,habeo,"""[...] omni cognitione quam de substantiis inferioribus habemus""","ACT(obl), PAT(obl)",,,,,,
v-w2_MPf106_MP,reviewed,sum,"""[...] propositum nostra intentionis est veritatem [...] manifestare [...]""","ACT(obl), PAT(obl)",10,have-role-91,ARG1|ARG2,,,
v-w73_MPf6_MP,substituted_v-w73_MPf19_MP,habeo,"""[...] libri penes nos in verenartione habentur [...]""","ACT(obl), PAT(obl)",,,,,,
v-w2_MPf107_MP,reviewed,sum,"""[...] difficile est procedere [...]""","ACT(obl), PAT(obl)",57,have-mod-91,ARG1|ARG2,,,
v-w73_MPf7_MP,substituted_v-w73_MPf21_MP,habeo,"""[...] haec tamen quae ratio naturaliter indita habet [...]""","ACT(obl), PAT(obl), EFF(obl)",,,,,,
v-w73_MPf22_MP,obsolete,habeo,"""quo non habito [...]""","ACT(obl), PAT(obl)",,,,,,
v-w73_MPf8_MP,substituted_v-w73_MPf22_MP,habeo,"""quo non habito [...]""","ACT(obl), PAT(obl)",,,,,,
v-w2_MPf109_MP,reviewed,sum,"""[...] quia non ita sunt nobis nota sigulorum errantium dicta [...]""","ACT(obl), PAT(obl)",6,have-mod-91,ARG1|ARG2,,,but at least one identity-91
v-w73_MPf9_MP,substituted_v-w73_MPf23_MP,habeo,"""[...] ergo habemus propositum [...]""","ACT(obl), PAT(obl)",,,,,,
v-w2_MPf111_MP,reviewed,sum,"""quae tamen in rebus divinis deficiens est""","ACT(obl), PAT(obl)",64,have-mod-91,ARG1|ARG2,,,"I considered replacing sum with the main verb, but it's not consistent enough. sometimes ACT would be ARG0, sometimes ARG1, and there's diffferent constructions altoghether (e.g. the most among, ""would be as intermediate movers"",...)"
v-w73_MPf10_MP,substituted_v-w73_MPf24_MP,habeo,"""hoc autem habet aristoteles pro impossibili [...]""","ACT(obl), PAT(obl), EFF(obl)",,,,,,
v-w2_MPf112_MP,reviewed,sum,"""est autem in his [...] duplex veritatis modus""","ACT(obl), LOC(non)",22,have-place-91,ARG1|ARG2,,,
v-w73_MPf11_MP,substituted_v-w73_MPf25_MP,habeo,"""[...] nam docentem necesse est habere scientiam [...]""","ACT(obl), PAT(obl)",,,,,,
v-w2_MPf113_MP,reviewed,sum,"""quaedam vero sunt ad quae etiam ratio naturalis pertigere potest [...]""",ACT(obl),268,exist-91,ARG1,,,"mostly exist-91, with exceptions"
v-w73_MPf12_MP,substituted_v-w73_MPf26_MP,habeo,"""[...] addiscentem vero necesse est non habere""","ACT(obl), PAT(obl)",,,,,,
v-w2_MPf114_MP,reviewed,sum,"""[...] sicut est deum esse, deum esse unum, et alia huiusmodi""",ACT(obl),1,exist-91,ARG1,,,
v-w73_MPf13_MP,substituted_v-w73_MPf27_MP,habeo,"""[...] habetur propositum""","ACT(obl), PAT(obl)",,,,,,
v-w2_MPf115_MP,reviewed,sum,"""[...] sicut est deum esse [...]""",ACT(obl),188,"if(no-echild.functor:BEN)(!t_lemma(exist-91)) else (!t_lemma(pred-possession-91), if(echild.functor:BEN)(ARG2)else(!error))",ARG1,,,"hard to map. cases of have-pred-possession-91 (dative of possession), at least one have-mod-91 (conscius esset). could be an example for the paper. also in the instructions."
v-w73_MPf28_MP,obsolete,habeo,"""habet enim res unaquaeque in seipsa esse proprium [...]""","ACT(obl), PAT(obl)",,,,,,
v-w73_MPf29_MP,obsolete,habeo,"""[...] quod semper fuit, habet virtutem semper essendi""","ACT(obl), PAT(obl)",,,,,,
v-w2_MPf116_MP,reviewed,sum,"""[...] principium est quod quid est""","ACT(obl), PAT(obl)",8,identity-91,ARG1|ARG2,,,
v-w73_MPf30_MP,substituted_v-w73_MPf46_MP,habeo,"""et quod possibile est non moveri non habet de se ut perpetuo tempore moveatur""","ACT(obl), PAT(obl)",,,,,,
v-w73_MPf31_MP,obsolete,habeo,"""(quod possibile est non moveri, non habet) [...] nec quod in perpetuo tempore moveat""","ACT(obl), PAT(obl)",,,,,,
v-w2_MPf118_MP,reviewed,sum,"""[...] intellectus est elevatior [...]""","ACT(obl), PAT(obl)",60,have-mod-91,ARG1|ARG2,,,
v-w2_MPf119_MP,reviewed,sum,"""[...] (intellectus) quid est [...]""","ACT(obl), PAT(obl)",54,identity-91,ARG1|ARG2,,,some cases of have-mod-91.
v-w73_MPf34_MP,obsolete,habeo,"""et sic creatura habet quod dei est""","ACT(obl), PAT(obl)",,,,,,
v-w2_MPf120_MP,reviewed,sum,"""[...] quod quid est""","ACT(obl), PAT(obl)",3,identity-91,ARG1|ARG2,,,
v-w2_MPf121_MP,reviewed,sum,"""[...] nimiae stultitiae est homo [...]""","ACT(obl), PAT(obl)",13,have-mod-91,ARG1|ARG2,,,"otherwise I'd have to create a new frame meaning sth like ""have quality / charachteristics"", but that would be justified only by grammatical reasons. can be a good example for the paper."
v-w2_MPf122_MP,reviewed,sum,"""oportet enim esse inter homines aliquos [...]""","ACT(obl), LOC(non)",1,have-place-91,ARG1|ARG2,,,
v-w73_MPf37_MP,substituted_v-w73_MPf45_MP,habeo,"""esse enim et bonitas et omnia [...] nihil praeter se habent admixtum [...]""","ACT(obl), PAT(obl)",,,,,,
v-w2_MPf123_MP,reviewed,sum,"""[...] philosophis cura fuit [...] ostendere [...]""","ACT(obl), PAT(obl)",9,identity-91,ARG1|ARG2,,,what a mix. only to pick something.
v-w2_MPf124_MP,reviewed,sum,"""[...] ipsum esse credimus supra omne id""","ACT(obl), LOC(non)",2,have-place-91,ARG1|ARG2,,,
v-w2_MPf126_MP,reviewed,sum,"""[...] ea quae supra rationem sunt [...]""","ACT(obl), LOC(non)",4,have-place-91,ARG1|ARG2,,,
v-w73_MPf43_MP,obsolete,habeo,"""[...] quominus haberet quicquid de perfectione albedinis haberi potest""","ACT(obl), PAT(obl)",,,,,,
v-w73_MPf41_MP,substituted_v-w73_MPf43_MP,habeo,"""[...] quominus haberet quicquid de perfectione albedinis haberi potest""","ACT(obl), PAT(obl)",,,,,,
v-w73_MPf42_MP,obsolete,habeo,"""[...] quicquid de perfectione albedinis haberi potest""","ACT(obl), PAT(obl)",,,,,,
v-w2_MPf127_MP,reviewed,sum,"""[...] quae sunt dei [...]""","ACT(obl), PAT(obl)",15,pred-possession-91,ARG1|ARG2,,,it seems to be esse + gen
v-w2_MPf128_MP,reviewed,sum,"""[...] omnia quae in mundo sunt [...]""","ACT(obl), LOC(non)",66,have-place-91,ARG1|ARG2,,,
v-w73_MPf47_MP,substituted_v-w73_MPf51_MP,habeo,"(Sallust) ""[...] virtus clara aeternaque habetur""","ACT(obl), PAT(obl), EFF(obl)",,,,,,
v-w2_MPf129_MP,reviewed,sum,"""[...] (habenae) in quibus in promptu est a carnalibus hominibus obediri""","ACT(obl), LOC(non)",2,have-place-91,ARG1|ARG2,,,
v-w73_MPf48_MP,substituted_v-w73_MPf52_MP,habeo,"(Sallust) ""imperium legitumum nomen imperi regium habebant""","ACT(obl), PAT(obl), EFF(obl)",,,,,,
v-w2_MPf131_MP,reviewed,sum,"""prope est verbum in corde tuo et in ore tuo""","ACT(obl), LOC(non)",1,have-place-91,ARG1|ARG2,,,
v-w73_MPf49_MP,substituted_v-w73_MPf53_MP,habeo,"(Sallust) ""ita eorum qui fecere virtus tanta habetur [...]""","ACT(obl), PAT(obl), EFF(obl)",,,,,,
v-w2_MPf132_MP,reviewed,sum,"""utile tamen est ut [...] se mens humana exerceat [...]""","ACT(obl), PAT(obl)",2,have-mod-91,ARG1|ARG2,,,
v-w73_MPf50_MP,substituted_v-w73_MPf54_MP,habeo,"(Sallust) ""quarum rerum ego maxuma documenta haec habeo, quod [...] vindicatum est [...]""","ACT(obl), PAT(obl), EFF(obl)",,,,,,
v-w2_MPf133_MP,reviewed,sum,"""singularis vero modus [...] est ex auctoritate scripturae divinitus confirmata miraculis""","ACT(obl), ORIG(obl)",4,have-source-91,ARG1|ARG2,,,
v-w2_MPf134_MP,reviewed,sum,"""[...] deum esse per se notum est [...]""","ACT(obl), PAT(obl)",16,"(!delete,PAT)","if(echild:functor:PAT, t_lemma:nosco)(ARG1) else if (echild.functor:PAT, t_lemma:contingo)(ARG0) else (!error)|if(echild.functor:PAT, t_lemma:nosco)(!root,!t_lemma(nosco-04)) else if (echild.functor:PAT, t_lemma:contingo)(!root,!t_lemma(contingo-05)) else (!error)",,"the PAT node is discarded, the ACT becomes PAT (ARG1), and children of the initial PAT, if any, are attached to the predicate as :manner",only notus est
v-w73_MPf57_MP,obsolete,habeo,"""[...] multos mortalis [...] aliud in lingua promptum habere [...]""","ACT(obl), PAT(obl), EFF(obl)",,,,,,
v-w2_MPf135_MP,reviewed,sum,"""huiusmodi autem est hoc [...]""","ACT(obl), PAT(obl)",2,have-mod-91,ARG1|ARG2,,,
v-w2_MPf136_MP,reviewed,sum,"""[...] deum esse per se notum est, quasi es ipsa significatione nominis manifestum""","ACT(obl), PAT(obl)",2,have-mod-91,ARG1|ARG2,,,
v-w73_MPf60_MP,obsolete,habeo,"""[...] oratione habita [...]""","ACT(obl), PAT(obl)",,,,,,
v-w2_MPf137_MP,reviewed,sum,"""quod est contra rationem nominis""","ACT(obl), LOC(non)",1,aduersor-01,ARG0|ARG2,,,
v-w73_MPf62_MP,obsolete,habeo,"""igitur comitiis habitis [...]""","ACT(obl), PAT(obl)",,,,,,
v-w2_MPf139_MP,reviewed,sum,"""deus autem huiusmodi est""","ACT(obl), PAT(obl)",2,have-mod-91,ARG1|ARG2,,,
v-w2_MPf142_MP,reviewed,sum,"""et ideo demonstrandum est quod necessarium sit""","ACT(obl), PAT(obl)",3,nosco-04,"ARG1|if(echild.functor:PAT, t_lemma:nosco)(!root,!t_lemma(nosco-04)) else (!root,!t_lemma(have-mod-91))",,"the PAT node is discarded, the ACT becomes PAT (ARG1), and children of the initial PAT, if any, are attached to the predicate as :manner",only notus est
v-w2_MPf143_MP,reviewed,sum,"""[...] non erit aliqua scientia supra naturalem [...]""","ACT(obl), LOC(non)",3,have-place-91,ARG1|ARG2,,,
v-w2_MPf145_MP,reviewed,sum,"""[...] quod nobis quale sit ignotum est [...]""","ACT(obl), PAT(obl)",14,have-mod-91,ARG1|ARG2,,,
v-w2_MPf146_MP,reviewed,sum,"""(In hac autem probatione sunt) scilicet, quod omne motum movetur ab alio""","ACT(obl), LOC(non)",2,include-91,ARG1|ARG2,,,
v-w2_MPf147_MP,reviewed,sum,"""[...] si antecedens sit impossibile""","ACT(obl), PAT(obl)",6,have-mod-91,ARG1|ARG2,,,
v-w73_MPf69_MP,substituted_v-w73_MPf71_MP,habeo,"""[...] pro certo habetote vos simul de exercitu catilinae et de omnibus coniuratis decernere""","ACT(obl), PAT(obl)",,,,,,
v-w2_MPf148_MP,reviewed,sum,"""[...] movens seipsum non est corpus""","ACT(obl), PAT(obl)",7,identity-91,ARG1|ARG2,,,
v-w2_MPf149_MP,reviewed,sum,"""quia omne [...] est divisibile et corpus [...]""","ACT(obl), PAT(obl)",3,have-mod-91,ARG1|ARG2,,,"the coordination should be moved one level up, because one requires have-mod-91 and the other one requires identity-91. but we can't/it's not worth addressing it right now. it  can be in the paper, if I need something to write."
v-w812_MPf2_MP,substituted_v-w812_MPf4_MP,possideo,[...] effectus non eodem modo possident calorem [...],"ACT(obl), PAT(obl)",,,,,,
v-w812_MPf1_MP,substituted_v-w812_MPf2_MP,possideo,,"ACT(obl), PAT(obl)",,,,,,
v-w2_MPf150_MP,reviewed,sum,"""movens et motum oportet simul esse""",ACT(obl),13,exist-91,ARG1,,,
v-w2_MPf151_MP,reviewed,sum,"""[...] unam partem esse immobilem et moventem aliam partem""","ACT(obl), PAT(obl)",5,have-mod-91,ARG1|ARG2,,,
v-w812_MPf5_MP,substituted_v-w812_MPf6_MP,possideo,"""si lubido possidet [...]""","ACT(obl), PAT(obl)",,,,,,
,,,,,,,,,,
v-w2_MPf152_MP,reviewed,sum,"""[...] in moventibus se quae sunt apud nos [...]""","ACT(obl), LOC(non)",2,have-place-91,ARG1|ARG2,,,apud nos
v-w2_MPf154_MP,reviewed,sum,"""nec est contra hanc rationem quod motores inferiorum orbium movent motum [...]""","ACT(obl), LOC(non)",2,aduersor-01,ARG0|ARG2,,,
v-w2_MPf13_MP,substituted_v-w2_MPf14_MP,sum,quod sit officium sapientis,"ACT(obl), PAT(obl)",,,,,,
v-w2_MPf12_MP,substituted_v-w2_MPf13_MP,sum,quod sit officium sapientis,"ACT(obl), PAT(obl)",,,,,,
v-w2_MPf11_MP,substituted_v-w2_MPf12_MP,sum,quod sit officium sapientis,"ACT(obl), PAT(obl)",,,,,,
v-w2_MPf10_MP,substituted_v-w2_MPf11_MP,sum,quod sit officium sapientis,"ACT(obl), PAT(obl)",,,,,,
v-w2_MPf9_MP,substituted_v-w2_MPf10_MP,sum,quod sit officium sapientis,"ACT(obl), PAT(obl)",,,,,,
v-w2_MPf8_MP,substituted_v-w2_MPf9_MP,sum,quod sit officium sapientis,"ACT(obl), PAT(obl)",,,,,,
v-w2_MPf7_MP,substituted_v-w2_MPf8_MP,sum,quod sit officium sapientis,"ACT(obl), PAT(obl)",,,,,,
v-w2_MPf6_MP,substituted_v-w2_MPf7_MP,sum,quod sit officium sapientis,"ACT(obl), PAT(obl)",,,,,,
v-w2_MPf5_MP,substituted_v-w2_MPf6_MP,sum,quod sit officium sapientis,"ACT(obl), PAT(obl)",,,,,,
v-w2_MPf4_MP,substituted_v-w2_MPf5_MP,sum,quod sit officium sapientis,"ACT(obl), PAT(obl)",,,,,,
v-w2_MPf3_MP,substituted_v-w2_MPf4_MP,sum,,"ACT(obl), PAT(obl)",,,,,,
v-w2_MPf36_MP,obsolete,sum,"""sic enim est dispositio rerum in veritate [...]""","ACT(obl), LOC(obl)",,,,,,
v-w2_MPf17_MP,substituted_v-w2_MPf36_MP,sum,"""sic enim est dispositio rerum in veritate [...]""","ACT(obl), LOC(obl)",,,,,,
v-w2_MPf16_MP,substituted_v-w2_MPf17_MP,sum,"""sic enim est dispositio rerum in veritate [...]""","ACT(obl), LOC(obl)",,,,,,
v-w2_MPf15_MP,substituted_v-w2_MPf16_MP,sum,,"ACT(obl), LOC(obl)",,,,,,
v-w2_MPf156_MP,reviewed,sum,"""appetibile autem est movens [..]""","ACT(obl), PAT(obl)",1,have-role-91,ARG1|ARG2,,,
v-w2_MPf33_MP,substituted_v-w2_MPf97_MP,sum,"""[...] sapientis est ordinare [...]""","ACT(obl), PAT(obl)",,,,,,
v-w2_MPf22_MP,substituted_v-w2_MPf33_MP,sum,"""[...] sapientis est ordinare [...]""","ACT(obl), PAT(obl)",,,,,,
v-w2_MPf18_MP,substituted_v-w2_MPf22_MP,sum,"""[...] sapientis est ordinare [...]""","ACT(obl), PAT(obl)",,,,,,
v-w2_MPf157_MP,reviewed,sum,"""quorum primum est quod procedunt ex suppositione aeternitatis motus""","ACT(obl), PAT(obl)",2,identity-91,ARG1|ARG2,,,"one instance would have been have-reason-91, but the other one no. the common theme seems to be ""first/second of out two"""
v-w2_MPf34_MP,substituted_v-w2_MPf107_MP,sum,"""[...] sumi necesse est""","ACT(obl), PAT(obl)",,,,,,
v-w2_MPf19_MP,substituted_v-w2_MPf34_MP,sum,"""[...] sumi necesse est""","ACT(obl), PAT(obl)",,,,,,
v-w2_MPf160_MP,reviewed,sum,"""secundum est, quod supponitur [...]""","ACT(obl), PAT(obl)",1,identity-91,ARG1|ARG2,,,same frame and context as above
v-w2_MPf35_MP,substituted_v-w2_MPf98_MP,sum,"""finis [...] est bonum""","ACT(obl), PAT(obl)",,,,,,
v-w2_MPf20_MP,substituted_v-w2_MPf35_MP,sum,"""finis [...[ est bonum""","ACT(obl), PAT(obl)",,,,,,
v-w2_MPf21_MP,obsolete,sum,"""[...[ unam esse gubernativam et quasi principem [...]""","ACT(obl), PAT(obl)",,,,,,
v-w2_MPf162_MP,reviewed,sum,"""ergo oportet ponere aliquid quod sit necesse-est""","ACT(obl), PAT(obl)",23,have-role-91,ARG1|ARG2,,,always with est necesse-esse
v-w2_MPf23_MP,substituted_v-w2_MPf100_MP,sum,"""[...] qui item est universitatis principium""","ACT(obl), PAT(obl)",,,,,,
v-w2_MPf101_MP,obsolete,sum,"""finis [...] est qui intenditur [...]""","ACT(obl), PAT(obl)",,,,,,
v-w2_MPf24_MP,substituted_v-w2_MPf101_MP,sum,"""finis [...] est qui intenditur a primo auctore vel motore ipsius""","ACT(obl), PAT(obl)",,,,,,
v-w2_MPf25_MP,obsolete,sum,"""[...] finem universi esse bonum intellectus""","ACT(obl), PAT(obl)",,,,,,
v-w2_MPf51_MP,obsolete,sum,"""[...] est dispositio rerum in veritate [...]""","ACT(obl), LOC(obl)",,,,,,
v-w2_MPf50_MP,substituted_v-w2_MPf51_MP,sum,"""[...] est dispositio rerum in veritate [...]""","ACT(obl), LOC(non)",,,,,,
v-w2_MPf31_MP,substituted_v-w2_MPf50_MP,sum,"""[...] est dispositio rerum in veritate [...]""","ACT(obl), LOC(obl)",,,,,,
v-w2_MPf30_MP,substituted_v-w2_MPf31_MP,sum,"""[...] est dispositio rerum in veritate [...]""","ACT(obl), LOC(obl)",,,,,,
v-w2_MPf26_MP,substituted_v-w2_MPf30_MP,sum,"""[...] est dispositio rerum in veritate [...]""","ACT(obl), LOC(obl)",,,,,,
v-w2_MPf164_MP,reviewed,sum,"""[...] licet in quibusdam sit aliquid aliud [...]""","ACT(obl), LOC(non)",15,have-place-91,ARG1|ARG2,,,
v-w2_MPf32_MP,substituted_v-w2_MPf103_MP,sum,"""eiusdem autem est [...] prosequi et [...] refutare [...]""","ACT(obl), PAT(obl)",,,,,,
v-w2_MPf27_MP,substituted_v-w2_MPf32_MP,sum,"""eiusdem autem est [...] prosequi et [...] refutare [...]""","ACT(obl), PAT(obl)",,,,,,
v-w2_MPf165_MP,reviewed,sum,"""[...]hoc sit ex aliqua causa""","ACT(obl), ORIG(obl)",2,have-source-91,ARG1|ARG2,,,same thing about have-reason/cause-91 (for paper)
v-w2_MPf28_MP,substituted_v-w2_MPf99_MP,sum,"""[...] quae religioni contraria est [...]""","ACT(obl), PAT(obl)",,,,,,
v-w2_MPf29_MP,obsolete,sum,"""[...] sapientiae studium est [studium] perfectius [...]""","ACT(obl), PAT(obl)",,,,,,
v-w2_MPf171_MP,reviewed,sum,"""[...] principium est extra [...]""","ACT(obl), LOC(non)",8,have-place-91,ARG1|ARG2,,,
v-w2_MPf37_MP,substituted_v-w2_MPf104_MP,sum,"""[...] sapientiae studium est perfectius, sublimius, utilius et iucundius""","ACT(obl), PAT(obl)",,,,,,
v-w2_MPf172_MP,reviewed,sum,"""ergo super omnia sensibilia est aliquid [...]""","ACT(obl), LOC(non)",1,have-place-91,ARG1|ARG2,,,
v-w2_MPf38_MP,substituted_v-w2_MPf106_MP,sum,"""[...] propositum nostra intentionis est veritatem [...] manifestare [...]""","ACT(obl), PAT(obl)",,,,,,
v-w2_MPf39_MP,obsolete,sum,"""[...] ego [...] conscius sum [...]""","ACT(obl), PAT(obl)",,,,,,
v-w2_MPf173_MP,reviewed,sum,"""et sic movere et moveri et motus erunt in instanti""",ACT(obl),1,exist-91,ARG1,,,
v-w2_MPf108_MP,substituted_v-w2_MPf109_MP,sum,"""[...] quia non ita sunt nobis nota sigulorum errantium dicta [...]""","ACT(obl), PAT(obl)",,,,,,
v-w2_MPf41_MP,substituted_v-w2_MPf108_MP,sum,"""[...] quia non ita sunt nobis nota sigulorum errantium dicta [...]""","ACT(obl), PAT(obl)",,,,,,
v-w2_MPf40_MP,substituted_v-w2_MPf41_MP,sum,[...] quia non ita sunt nobis nota sigulorum errantium dicta [...],"ACT(obl), PAT(obl)",,,,,,
v-w2_MPf174_MP,reviewed,sum,"""in omni compositio bonum non est huius vel illius partis, sed totius [...]""","ACT(obl), PAT(obl)",1,pred-possession-91,ARG1|ARG2,,,
v-w2_MPf42_MP,substituted_v-w2_MPf111_MP,sum,"""quae tamen in rebus divinis deficiens est""","ACT(obl), PAT(obl)",,,,,,
v-w2_MPf175_MP,reviewed,sum,"""quarum una est quia potest poni illud corpus [...]","ACT(obl), PAT(obl)",1,identity-91,ARG1|ARG2,,,
v-w2_MPf43_MP,substituted_v-w2_MPf113_MP,sum,"""quaedam vero sunt ad quae etiam ratio naturalis pertigere potest [...]""",ACT(obl),,,,,,
v-w2_MPf44_MP,obsolete,sum,"""[...] sicut est deum esse [...]""","ACT(obl), PAT(obl)",,,,,,
v-w2_MPf176_MP,reviewed,sum,"""secunda obiectio est quia [...] aliqua virtus potest esse [...]""","ACT(obl), PAT(obl)",2,identity-91,ARG1|ARG2,,,same frame and context as above
v-w2_MPf45_MP,substituted_v-w2_MPf115_MP,sum,"""[...] sicut est deum esse [...]""",ACT(obl),,,,,,
v-w2_MPf177_MP,reviewed,sum,"""quod autem deus non sit unitus corpori sicut anima alterius rationis est""","ACT(obl), PAT(obl)",1,have-role-91,ARG1|ARG2,,,
v-w2_MPf117_MP,substituted_v-w2_MPf120_MP,sum,"""[...] quod quid est""","ACT(obl), PAT(obl)",,,,,,
v-w2_MPf46_MP,substituted_v-w2_MPf117_MP,sum,"""[...] (principium) quod quid est""","ACT(obl), PAT(obl)",,,,,,
v-w2_MPf180_MP,reviewed,sum,"""[...] non sit potentia infinita [...] extra magnitudinem""","ACT(obl), LOC(non)",1,have-place-91,ARG1|ARG2,,,
v-w2_MPf181_MP,reviewed,sum,"""in his autem [...] non est finitum et infinitum [...]""","ACT(obl), LOC(non)",2,have-place-91,ARG1|ARG2,,,
v-w2_MPf48_MP,substituted_v-w2_MPf118_MP,sum,"""[...] intellectus est elevatior [...]""","ACT(obl), PAT(obl)",,,,,,
v-w2_MPf184_MP,reviewed,sum,"""[...] esse in alio""","ACT(obl), LOC(non)",1,have-place-91,ARG1|ARG2,,,
v-w2_MPf49_MP,substituted_v-w2_MPf121_MP,sum,"""[...] nimiae stultitiae est homo [...]""","ACT(obl), PAT(obl)",,,,,,
v-w2_MPf187_MP,reviewed,sum,"""[...] cum sit praeter essentiam eius [...]""","ACT(obl), LOC(non)",8,have-place-91,ARG1|ARG2,,,
v-w2_MPf64_MP,substituted_v-w2_MPf112_MP,sum,"""est autem in his [...] duplex veritatis modus""","ACT(obl), LOC(non)",,,,,,
v-w2_MPf52_MP,substituted_v-w2_MPf64_MP,sum,"""est autem in his [...] duplex veritatis modus""","ACT(obl), LOC(obl)",,,,,,
v-w2_MPf188_MP,reviewed,sum,"""[...] nihil aliud est quam (est) facere aliquid actu, quod quidem est per formam""",ACT(obl),1,identity-91,ARG1,,,"if I want to follow the surface encoding of the sentence, then it's very frame-specific. but the meaning is much simpler, and the whole sentence could be reduced to an identity-91. can't do that in automatic conversion, tho, unless with a very frame-specific rule. it'd basically be manual."
v-w2_MPf90_MP,substituted_v-w2_MPf116_MP,sum,"""unum (incoveniens) quod paucis hominibus dei cognitio inesset""","ACT(obl), PAT(obl)",,,,,,
v-w2_MPf53_MP,substituted_v-w2_MPf90_MP,sum,"""unum (incoveniens) quod paucis hominibus dei cognitio inesset""","ACT(obl), PAT(obl)",,,,,,
v-w2_MPf54_MP,obsolete,sum,"""hinc est quod ephes 4-17 dicitur""",ACT(obl),,,,,,
v-w2_MPf191_MP,reviewed,sum,"""non igitur a deo esse potest""","ACT(obl), ORIG(obl)",3,have-source-91,ARG1|ARG2,,,
v-w2_MPf55_MP,substituted_v-w2_MPf142_MP,sum,"""et ideo demonstrandum est quod necessarium sit""","ACT(obl), PAT(obl)",,,,,,
v-w2_MPf192_MP,reviewed,sum,"""[...] et ab ea est esse""","ACT(obl), ORIG(obl)",2,have-source-91,ARG1|ARG2,,,
v-w2_MPf56_MP,substituted_v-w2_MPf123_MP,sum,"""[...] philosophis cura fuit [...] ostendere [...]""","ACT(obl), PAT(obl)",,,,,,
v-w2_MPf193_MP,reviewed,sum,"""[...] (motus) qui est a movente corporeo [...]""","ACT(obl), ORIG(obl)",1,have-causer-91,ARG1|ARG2,,,
v-w2_MPf57_MP,substituted_v-w2_MPf124_MP,sum,"""[...] ipsum esse credimus supra omne id""","ACT(obl), LOC(non)",,,,,,
v-w2_MPf58_MP,obsolete,sum,"""[...] aestimantes scilicet totum esse verum [...]""","ACT(obl), PAT(obl)",,,,,,
v-w2_MPf125_MP,obsolete,sum,"""[...] quamvis parum sit quod de substantiis superioribus percipimus [...]""","ACT(obl), PAT(obl)",,,,,,
v-w2_MPf59_MP,substituted_v-w2_MPf125_MP,sum,"""[...] quamvis parum sit quod de substantiis superioribus percipimus [...]""","ACT(obl), PAT(obl)",,,,,,
v-w2_MPf194_MP,reviewed,sum,"""hoc autem, scilicet esse in actu, est ipsa divina essentia [...]""","ACT(obl), PAT(obl)",1,identity-91,ARG1|ARG2,,,
v-w2_MPf60_MP,substituted_v-w2_MPf127_MP,sum,"""[...] quae sunt dei [...]""","ACT(obl), PAT(obl)",,,,,,
v-w2_MPf195_MP,reviewed,sum,"""esse igitur [...] est praeter generis quidditatem""","ACT(obl), LOC(non)",3,have-place-91,ARG1|ARG2,,,
v-w2_MPf61_MP,substituted_v-w2_MPf128_MP,sum,"""[...] omnia quae in mundo sunt [...]""","ACT(obl), LOC(non)",,,,,,
v-w2_MPf62_MP,obsolete,sum,"""[... ] operatio visibilis quae non potest esse nisi divina [...]""","ACT(obl), PAT(obl)",,,,,,
v-w2_MPf196_MP,reviewed,sum,"""[...] sed oportet differentiam esse praeter id [...]""","ACT(obl), LOC(non)",2,have-place-91,ARG1|ARG2,,,
v-w2_MPf190_MP,substituted_v-w2_MPf191_MP,sum,"""non igitur a deo esse potest""","ACT(obl), ORIG(obl)",,,,,,
v-w2_MPf159_MP,substituted_v-w2_MPf190_MP,sum,"""non igitur a deo esse potest""","ACT(obl), PAT(obl)",,,,,,
v-w2_MPf130_MP,substituted_v-w2_MPf159_MP,sum,"""non igitur a deo esse potest""","ACT(obl), PAT(obl)",,,,,,
v-w2_MPf77_MP,substituted_v-w2_MPf130_MP,sum,"""non igitur a deo esse potest""","ACT(obl), PAT(obl)",,,,,,
v-w2_MPf63_MP,substituted_v-w2_MPf77_MP,sum,"""non igitur a deo esse potest""","ACT(obl), PAT(obl)",,,,,,
v-w2_MPf197_MP,reviewed,sum,"""[...] (nihil) quod sit praeter id [...]""","ACT(obl), LOC(non)",2,have-place-91,ARG1|ARG2,,,
v-w2_MPf67_MP,substituted_v-w2_MPf132_MP,sum,"""utile tamen est ut [...] se mens humana exerceat [...]""","ACT(obl), PAT(obl)",,,,,,
v-w2_MPf66_MP,substituted_v-w2_MPf67_MP,sum,"""utile tamen est ut [...] se mens humana exerceat [...]""","ACT(obl), PAT(obl)",,,,,,
v-w2_MPf65_MP,substituted_v-w2_MPf66_MP,sum,"""utile tamen est ut [...] se mens humana exerceat [...]""","ACT(obl), PAT(obl)",,,,,,
v-w2_MPf68_MP,obsolete,sum,"""[...] non debet esse ad hoc intentio ut adversarius rationibus convincatur""","ACT(obl), PAT(obl)",,,,,,
v-w2_MPf198_MP,reviewed,sum,"""[...] eum super omnia esse [...]""","ACT(obl), LOC(non)",3,have-place-91,ARG1|ARG2,,,
v-w2_MPf69_MP,substituted_v-w2_MPf133_MP,sum,"""Singularis vero modus [...] est ex auctoritate scripturae divinitus confirmata miraculis""","ACT(obl), ORIG(obl)",,,,,,
v-w2_MPf199_MP,reviewed,sum,"""[...] sed (erit) inter omnia [...]""","ACT(obl), LOC(non)",1,have-place-91,ARG1|ARG2,,,
v-w2_MPf70_MP,substituted_v-w2_MPf134_MP,sum,"""[...] Deum esse per se notum est [...]""","ACT(obl), PAT(obl)",,,,,,
v-w2_MPf200_MP,reviewed,sum,"""cum ergo divinitatem super omnia dixit [...]""","ACT(obl), LOC(non)",1,have-place-91,ARG1|ARG2,,,
v-w2_MPf71_MP,substituted_v-w2_MPf135_MP,sum,"""huiusmodi autem est hoc [...]""","ACT(obl), PAT(obl)",,,,,,
v-w2_MPf201_MP,reviewed,sum,"""sicut est (tactus et commixtio) puncti ad lineam [...]""","ACT(obl), PAT(obl)",2,sum,ARG1|ARG2,,,"I disagree with the t-tree (PAT). for the paper, show that sometimes UMR conceptually differs from PDT. the second example would require have-reason-91, but that implies a structural change that is not applicable to the first example"
v-w2_MPf72_MP,substituted_v-w2_MPf102_MP,sum,"""[...] in intellectu iam Deum esse oporteat""","ACT(obl), LOC(non)",,,,,,
v-w2_MPf202_MP,reviewed,sum,"""[...] id [...] non tam rem completam, quam rei aliquid esse""","ACT(obl), PAT(obl)",1,have-role-91,ARG1|ARG2,,,"probably a separate frame bacause of the comparison, but that one level down for UMR"
v-w2_MPf73_MP,substituted_v-w2_MPf137_MP,sum,"""quod est contra rationem nominis""","ACT(obl), LOC(non)",,,,,,
v-w2_MPf138_MP,obsolete,sum,"""[...] si idem sit quod respondetur ad quaestionem quid est [...]""","ACT(obl), PAT(obl)",,,,,,
v-w2_MPf74_MP,substituted_v-w2_MPf138_MP,sum,"""[...] si idem sit quod respondetur ad quaestionem quid est [...]""","ACT(obl), PAT(obl)",,,,,,
v-w2_MPf203_MP,reviewed,sum,"""semen enim est ab animali vel a planta""","ACT(obl), ORIG(obl)",4,have-source-91,ARG1|ARG2,,,
v-w2_MPf75_MP,substituted_v-w2_MPf139_MP,sum,"""deus autem huiusmodi est""","ACT(obl), PAT(obl)",,,,,,
v-w2_MPf140_MP,obsolete,sum,"""(lux) cum sit in quo primum maxime lumen intelligibile invenitur""","ACT(obl), PAT(obl)",,,,,,
v-w2_MPf76_MP,substituted_v-w2_MPf140_MP,sum,"""(lux) cum sit in quo primum maxime lumen intelligibile invenitur""","ACT(obl), PAT(obl)",,,,,,
v-w2_MPf205_MP,reviewed,sum,"""[...] sicut (nomina) est bonitas, sapientia, esse et alia huiusmodi""","ACT(obl), PAT(obl)",1,have-example-91,ARG1|ARG2,,"the correct conversion would have resulted in an inverted relation. Leave the generated mistake, possibly to discuss in the paper.",
v-w2_MPf94_MP,substituted_v-w2_MPf229_MP,sum,"""nam quod possit cogitari non esse est [...]""",ACT(obl),,,,,,
v-w2_MPf78_MP,substituted_v-w2_MPf94_MP,sum,"""nam quod possit cogitari non esse, non ex imperfectione sui esse est vel incertitudine [...]""","ACT(obl), ORIG(obl)",,,,,,
v-w2_MPf206_MP,reviewed,sum,"""[...] aliud est forma et habens formam [...]""","ACT(obl), PAT(obl)",1,have-role-91,ARG1|ARG2,,,
v-w2_MPf79_MP,substituted_v-w2_MPf84_MP,sum,"""huiusmodi autem est deum esse""","ACT(obl), PAT(obl)",,,,,,
v-w2_MPf208_MP,reviewed,sum,"""virtus autem huiusmodi nisi aliqualiter esset de genere caloris [...]""","ACT(obl), PAT(obl)",2,pred-possession-91,ARG1|ARG2,,,
v-w2_MPf80_MP,substituted_v-w2_MPf143_MP,sum,"""[...] non sit aluqa scibilis substantia supra substantiam sensibilem [...]""","ACT(obl), LOC(non)",,,,,,
v-w2_MPf209_MP,reviewed,sum,"""sic autem non est de nominibus [...]""","ACT(obl), PAT(obl)",2,sum-NEW-12,ARG1|ARG2,"be the case for someone/something, be the situation with something",,
v-w2_MPf210_MP,reviewed,sum,"""[...] probaretur de deo quod deus est ens, bonus vel si quid aliud huiusmodi est""","ACT(obl), PAT(obl)",1,have-mod-91,ARG1|ARG2,,"the DISJ dhould be moved one level up, not connecting bonus and ens anymore, but have-mod-91 (with ARG2=PAT bonus) and identity-91 (with ARG2=PAT ens). too complicated to implement right now.",
v-w2_MPf82_MP,substituted_v-w2_MPf105_MP,sum,"""[...] in moventibus et motis non sit procedere in infinitum""","ACT(obl), LOC(non)",,,,,,
v-w2_MPf211_MP,reviewed,sum,"""[...] deus est bonus vel bonitas [...]""","ACT(obl), PAT(obl)",2,have-mod-91,ARG1|ARG2,,"the DISJ dhould be moved one level up, not connecting bonus and ens anymore, but have-mod-91 (with ARG2=PAT bonus) and identity-91 (with ARG2=PAT ens). too complicated to implement right now.",
v-w2_MPf83_MP,substituted_v-w2_MPf147_MP,sum,"""[...] si antecedens sit impossibile""","ACT(obl), PAT(obl)",,,,,,
v-w2_MPf212_MP,reviewed,sum,"""[...] his qui recto sunt corde""","ACT(obl), PAT(obl)",2,have-mod-91,ARG1|ARG2,,,
v-w2_MPf213_MP,reviewed,sum,"""igitur ipsum esse bonum not est aliud quam ipse""","ACT(obl), PAT(obl)",4,have-mod-91,ARG1|ARG2,,,
v-w2_MPf144_MP,substituted_v-w2_MPf145_MP,sum,"""[...] quod nobis quale sit ignotum est [...]""","ACT(obl), PAT(obl)",,,,,,
v-w2_MPf86_MP,substituted_v-w2_MPf144_MP,sum,"""ergo impossibile est quod in motoribus et motis procedatur in infinitum""","ACT(obl), PAT(obl)",,,,,,
v-w2_MPf215_MP,reviewed,sum,"""non est sanctus [...]""","ACT(obl), PAT(obl)",3,have-mod-91,ARG1|ARG2,,,
v-w2_MPf87_MP,substituted_v-w2_MPf150_MP,sum,"""movens et motum oportet simul esse""",ACT(obl),,,,,,
v-w2_MPf88_MP,obsolete,sum,"""[...] motum vero (est) in potentia""","ACT(obl), LOC(non)",,,,,,
v-w2_MPf216_MP,reviewed,sum,"""sed primus motus est unus et continuus [...]""","ACT(obl), PAT(obl)",2,have-mod-91,ARG1|ARG2,,,
v-w2_MPf89_MP,substituted_v-w2_MPf152_MP,sum,"""[...] in moventibus se quae sunt apud nos [...]""","ACT(obl), LOC(non)",,,,,,
v-w2_MPf217_MP,reviewed,sum,"""nam quod aliqua diversa in habitudine aliqua uniuntur, non potest esse ex propriis naturis [...]""","ACT(obl), ORIG(obl)",1,have-source-91,ARG1|ARG2,,,
v-w2_MPf91_MP,substituted_v-w2_MPf154_MP,sum,"""nec est contra hanc rationem quod motores inferiorum orbium movent motum [...]""","ACT(obl), LOC(non)",,,,,,
v-w2_MPf155_MP,obsolete,sum,"""nam appetens est quodammodo movens motum""","ACT(obl), PAT(obl)",,,,,,
v-w2_MPf92_MP,substituted_v-w2_MPf155_MP,sum,"""nam appetens est quodammodo movens motum""","ACT(obl), PAT(obl)",,,,,,
v-w2_MPf218_MP,reviewed,sum,"""nec potest esse ex diversis ordinantibus [...]""","ACT(obl), ORIG(obl)",1,have-source-91,ARG1|ARG2,,,
v-w2_MPf93_MP,substituted_v-w2_MPf157_MP,sum,"""quorum primum est quod procedunt ex suppositione aeternitatis motus""","ACT(obl), PAT(obl)",,,,,,
v-w2_MPf219_MP,reviewed,sum,"""unus dominus, una fides, etc.""",ACT(obl),1,exist-91,ARG1,,,
v-w2_MPf220_MP,reviewed,sum,"""[...] patrem et filium non unum, sed plures deos esse [...]""","ACT(obl), PAT(obl)",1,have-role-91,ARG1|ARG2,,,
v-w2_MPf110_MP,substituted_v-w2_MPf252_MP,sum,"""[...] ipsi gentiles fuerant, vel saltem inter gentiles conversati et in eorum doctrinis eruditi""","ACT(obl), PAT(obl)",,,,,,
v-w2_MPf222_MP,reviewed,sum,"""[...] appetibile autem et apprehensum est movens non motum""","ACT(obl), PAT(obl)",1,have-role-91,ARG1|ARG2,,,
v-w2_MPf224_MP,reviewed,sum,"""[...] (castra) post eum quae erant [...]""","ACT(obl), LOC(non)",2,have-place-91,ARG1|ARG2,,,
v-w2_MPf225_MP,reviewed,sum,"""[...] erat civitas magna inter Belgas auctoritate [...]""","ACT(obl), PAT(obl)",4,have-mod-91,ARG1|ARG2,,,
v-w2_MPf226_MP,reviewed,sum,"""[...] (agri) qui magno nobis usui ad bellum gerendum erant [...]""","ACT(obl), PAT(obl)",5,have-role-91,ARG1|ARG2,,,
v-w2_MPf227_MP,reviewed,sum,"""inde duae legiones [...] praesidioque impedimentis erant""","ACT(obl), PAT(obl)",9,have-role-91,ARG1|ARG2,,,
v-w2_MPf229_MP,reviewed,sum,"""nam quod possit cogitari non esse [...] est [...]""",ACT(obl),9,sum-01,ARG1,,,
v-w2_MPf232_MP,reviewed,sum,"""[...] mihi a spe metu partibus rei publicae animus liber erat""","ACT(obl), PAT(obl)",1,pred-possession-91,ARG1|ARG2,,,
v-w2_MPf141_MP,obsolete,sum,"""[...] quod deum est, sit suum esse""","ACT(obl), PAT(obl)",,,,,,
v-w2_MPf233_MP,reviewed,sum,"""sed civitas incredibile memoratu est adepta libertate quantum brevi creverit""","ACT(obl), PAT(obl)",1,have-mod-91,ARG1|ARG2,,,
v-w2_MPf234_MP,reviewed,sum,"""[...] incredibile memoratu est quam facile coaluerint""","ACT(obl), PAT(obl)",1,have-mod-91,ARG1|ARG2,,,
v-w2_MPf235_MP,reviewed,sum,"""[...] ubi fueris [...]""","ACT(obl), LOC(non)",1,have-place-91,ARG1|ARG2,,,
v-w2_MPf236_MP,reviewed,sum,"""[...] iis otium divitiaeque optanda alias oneri miseriaeque fuere""","ACT(obl), PAT(obl)",1,have-result-91,ARG1|ARG2,,,
v-w2_MPf237_MP,reviewed,sum,"""[...] sacrilegi convictis iudiciis [...], adhoc quos manus atque lingua periurio aut sanguine civili alebant [...] catilinae proxumi familiaresque erant""","ACT(obl), PAT(obl)",1,have-role-91,ARG1|ARG2,,,
v-w2_MPf153_MP,substituted_v-w2_MPf254_MP,sum,"""moventia [...] scilicet animalia cum sint corrptibilia [...]""","ACT(obl), PAT(obl)",,,,,,
v-w2_MPf238_MP,reviewed,sum,"""[...] foedum hominem a re publica procul esse volebat [...]""","ACT(obl), LOC(non)",1,have-place-91,ARG1|ARG2,,,
v-w2_MPf239_MP,reviewed,sum,"""nam idem velle atque idem nolle ea demum firma amicitia est""","ACT(obl), PAT(obl)",2,identity-91,ARG1|ARG2,,,
v-w2_MPf158_MP,substituted_v-w2_MPf160_MP,sum,"""secundum est, quod supponitur [...]""","ACT(obl), PAT(obl)",,,,,,
v-w2_MPf240_MP,reviewed,sum,"""itaque omnis gratia potentia honos divitiae apud illos sunt aut ubi illi volunt""","ACT(obl), LOC(non)",1,have-place-91,ARG1|ARG2,,,
v-w2_MPf161_MP,substituted_v-w2_MPf165_MP,sum,"""[...]hoc sit ex aliqua causa""","ACT(obl), PAT(obl)",,,,,,
v-w2_MPf241_MP,reviewed,sum,"""at nobis est domi inopia [...]""","ACT(obl), LOC(non)",1,pred-possession-91,ARG1|ARG2,,,
v-w2_MPf163_MP,obsolete,sum,"""quod autem non toto se agit, non est primum agens""","ACT(obl), PAT(obl)",,,,,,
v-w2_MPf242_MP,reviewed,sum,"""sed urbana plebes ea vero praeceps erat de multis causis""","ACT(obl), PAT(obl)",1,have-mod-91,ARG1|ARG2,,,
v-w2_MPf166_MP,obsolete,sum,"""quod igitur est in fine nobilitatis omnium entium, oportet esse in fine simplicitatis""","ACT(obl), LOC(non)",,,,,,
v-w2_MPf167_MP,obsolete,sum,"""quod in deo nihil est [...] praeter naturam""","ACT(obl), PAT(obl)",,,,,,
v-w2_MPf168_MP,obsolete,sum,"""[...] nihil potest esse [...] extra naturam""","ACT(obl), PAT(obl)",,,,,,
v-w2_MPf169_MP,obsolete,sum,"""nam quod est de substantia rei non potest esse [...] praeter naturam""","ACT(obl), PAT(obl)",,,,,,
v-w2_MPf170_MP,obsolete,sum,"""[...] ibi potest esse aliquid praeter id [...]""","ACT(obl), PAT(obl)",,,,,,
v-w2_MPf243_MP,reviewed,sum,"[...] inpunitatem perdundae rei publicae fore credebat""","ACT(obl), PAT(obl)",1,have-result-91,ARG1|ARG2,,,
v-w2_MPf244_MP,reviewed,sum,"""[...] (equites) qui praesidi causa cum telis erant circum aedem concordiae [...]""","ACT(obl), LOC(non)",1,have-place-91,ARG1|ARG2,,,
v-w2_MPf245_MP,reviewed,sum,"""quasi vero mali atque scelesti tantummodo in urbe et non per totam italiam sint [...]""","ACT(obl), LOC(non)",1,have-place-91,ARG1|ARG2,,,
v-w2_MPf246_MP,reviewed,sum,"""alii intra moenia atque in sinu urbis sunt hostes""","ACT(obl), LOC(non)",1,have-place-91,ARG1|ARG2,,,
v-w2_MPf248_MP,reviewed,sum,"""[...] gloria belli gallos ante romanos fuisse""","ACT(obl), LOC(non)",2,sum-NEW-11,ARG1|ARG2,be superior to,,
v-w2_MPf249_MP,reviewed,sum,"""[...] sed alia alii (fuere)""","ACT(obl), PAT(obl)",1,pred-possession-91,ARG1|ARG2,,,
v-w2_MPf250_MP,reviewed,sum,"""nunc vero quo loco res nostrae sint [...]""","ACT(obl), LOC(non)",1,have-place-91,ARG1|ARG2,,,
v-w2_MPf251_MP,reviewed,sum,"""[...] planities inter sinistros montis et ab dextra rupe aspera [...]""","ACT(obl), LOC(non)",1,have-place-91,ARG1|ARG2,,,
v-w2_MPf178_MP,substituted_v-w2_MPf255_MP,sum,"""nec est incoveniens [...] quod illud [...]acquirat ab alio perpetuitatem motus [...]""","ACT(obl), PAT(obl)",,,,,,
v-w2_MPf252_MP,reviewed,sum,"""[...] ipsi gentiles fuerant, vel saltem inter gentiles conversati et in eorum doctrinis eruditi""","ACT(obl), PAT(obl)",1,have-role-91,ARG1|ARG2,,,
v-w2_MPf179_MP,substituted_v-w2_MPf180_MP,sum,"""[...]
 non sit potentia infinita [...] extra magnitudinem""","ACT(obl), LOC(non)",,,,,,
v-w2_MPf253_MP,reviewed,sum,"""[...] de non esse in esse quando factum est tunc recte perfectum esse dicitur [...]""","ACT(obl), PAT(obl)",2,have-mod-91,ARG1|ARG2,,,
v-w2_MPf254_MP,reviewed,sum,"""moventia [...] scilicet animalia cum sint corruptibilia [...]""","ACT(obl), PAT(obl)",1,have-mod-91,ARG1|ARG2,,,
v-w2_MPf182_MP,substituted_v-w2_MPf193_MP,sum,"""[...] (motus) qui est a movente corporeo [...]""","ACT(obl), PAT(obl)",,,,,,
v-w2_MPf183_MP,obsolete,sum,"""[...] si est alicui quidditati [...]""","ACT(obl), APP(non)",,,,,,
v-w2_MPf255_MP,reviewed,sum,"""nec est incoveniens secundum commentarorem quod illud [...] acquirat ab alio perpetuitatem motus [...]""","ACT(obl), PAT(obl)",1,have-mod-91,ARG1|ARG2,,,
v-w2_MPf185_MP,obsolete,sum,"""quod igitur non est suum esse, non est per se necesse-esse""","ACT(obl), PAT(obl)",,,,,,
v-w2_MPf256_MP,reviewed,sum,"""de natura enim actionis est ut agens sibi simile agat [...]""","ACT(obl), PAT(obl)",1,pred-possession-91,ARG1|ARG2,,,
v-w2_MPf186_MP,substituted_v-w2_MPf192_MP,sum,"""[...] et ab ea est esse""","ACT(obl), PAT(obl)",,,,,,
v-w2_MPf257_MP,reviewed,sum,"""aliter sine populi iussu nullius earum rerum consuli ius est""","ACT(obl), PAT(obl)",1,pred-possession-91,ARG1|ARG2,,,
v-w2_MPf47_MP,reviewed,sum,"""[...] pertinet ad primum principium essendi omnibus""",ACT(obl),39,exist-91,ARG1,,,
v-w2_MPf189_MP,obsolete,sum,"""cuicumque intest aliquod accidens, non est quidquid habet in se [...]""","ACT(obl), PAT(obl)",,,,,,
v-w2_MPf81_MP,reviewed,sum,"""aut ergo est procedere in infinitum""",ACT(obl),5,"(!delete,ACT)","!root,!modal-strength(partial-affirmative)",,"delete concept, change modal-strength into partial-aff.",
v-w2_MPf84_MP,reviewed,sum,"""huiusmodi autem est deum esse""","ACT(obl), PAT(obl)",1,have-mod-91,ARG1|ARG2,,,
v-w2_MPf85_MP,reviewed,sum,"""[...] intelligere et opinari sit quoddam moveri""","ACT(obl), PAT(obl)",1,have-role-91,ARG1|ARG2,,,
v-w2_MPf95_MP,reviewed,sum,"""apud quem non est transmutatio""","ACT(obl), LOC(non)",1,have-place-91,ARG1|ARG2,,,
v-w2_MPf96_MP,reviewed,sum,"""quod sit officium sapientis""","ACT(obl), PAT(obl)",74,identity-91,ARG1|ARG2,,,
v-w2_MPf97_MP,reviewed,sum,"""[...] sapientis est ordinare""","ACT(obl), PAT(obl)",7,sum-NEW-09,ARG1|ARG2,be proper / typical of,,
v-w2_MPf98_MP,reviewed,sum,"""finis enim est bonum uniuscuiusque""","ACT(obl), PAT(obl)",206,identity-91,ARG1|ARG2,,,
v-w2_MPf99_MP,reviewed,sum,"""[...] quae religioni contraria est [...]""","ACT(obl), PAT(obl)",282,have-mod-91,ARG1|ARG2,,,
v-w73_MPf14_MP,reviewed,habeo,"""(habetur) quod aliquid sit movens immobile""","ACT(obl), PAT(obl)",4,habeo-NEW-30,ARG0|ARG1,"reach a conclusion, prove a point",,
v-w73_MPf15_MP,reviewed,habeo,"""[...] (homo) aliquam partem habet [...]""","ACT(obl), PAT(obl)",83,thetic-possession-91,ARG1|ARG2,,,"better a placeholder that gets it sometimes like now, or not claiming anything by saying habeo-NEW-xx?"
v-w73_MPf16_MP,reviewed,habeo,"""[...] quia non habet amaritudinem conversatio illius [...]""","ACT(obl), PAT(obl)",44,thetic-possession-91,ARG1|ARG2,,,"better a placeholder that gets it sometimes like now, or not claiming anything by saying habeo-NEW-xx?"
v-w2_MPf204_MP,substituted_v-w2_MPf256_MP,sum,"""de natura enim actionis st ut agens sibi simile agat [...]","ACT(obl), PAT(obl)",,,,,,
v-w73_MPf17_MP,reviewed,habeo,"""[...] intellectus noster se habet [...]""","ACT(obl), PAT(obl)",29,habeo-NEW-31,ARG1|ARG2,be related to,,
v-w73_MPf18_MP,reviewed,habeo,"""[...] ex quo ratione (vertitas) haberi potest [...]""","ACT(obl), PAT(obl)",13,habeo-NEW-35,ARG0|ARG1,placeholder frame,,"as in ""know, possess knowledge or info about"". MA ci sono casi in sallust di habeo-NEW-25."
v-w2_MPf207_MP,obsolete,sum,"""[...] bonum non est huius vel illius partis, sed totius [...]""","ACT(obl), PAT(obl)",,,,,,
v-w73_MPf19_MP,reviewed,habeo,"""[...] libri penes nos in verenartione habentur [...]""","ACT(obl), PAT(obl)",14,habeo-NEW-34,ARG1|ARG2,placeholder frame,,placeholder
v-w73_MPf20_MP,reviewed,habeo,"""[...] omni cognitione quam de substantiis inferioribus habemus""","ACT(obl), PAT(obl)",30,habeo-10,ARG0|ARG1,,,
v-w73_MPf21_MP,reviewed,habeo,"""[...] haec tamen quae ratio naturaliter indita habet [...]""","ACT(obl), PAT(obl), EFF(obl)",1,thetic-possession-91,ARG1|ARG2,,,
v-w73_MPf23_MP,reviewed,habeo,"""[...] ergo habemus propositum [...]""","ACT(obl), PAT(obl)",4,habeo-10,ARG0|ARG1,,,"""that had temporal promises"", ""we have our conclusion (first premise of syllogism"")"
v-w73_MPf24_MP,reviewed,habeo,"""hoc autem habet aristoteles pro impossibili, quod scilicet aliquando nullus motus sit""","ACT(obl), PAT(obl), EFF(obl)",1,habeo-07,ARG0|ARG1|ARG2,,,
v-w73_MPf25_MP,reviewed,habeo,"""[...] nam docentem necesse est habere scientiam [...]""","ACT(obl), PAT(obl)",1,thetic-possession-91,ARG1|ARG2,,,
v-w2_MPf214_MP,obsolete,sum,"""quod autem inest alicui [...] est violentum et praeter naturam""","ACT(obl), LOC(non)",,,,,,
v-w73_MPf26_MP,reviewed,habeo,"""[...] addiscentem vero necesse est non habere""","ACT(obl), PAT(obl)",1,thetic-possession-91,ARG1|ARG2,,,same frame and sentence as previous frame
v-w73_MPf27_MP,reviewed,habeo,"""[...] habetur propositum""","ACT(obl), PAT(obl)",2,habeo-10,ARG0|ARG1,,,"ex habeo-propositum-NEW-01 ""reach a conclusion, prove a point"""
v-w73_MPf32_MP,reviewed,habeo,"""[...] caelum habet duos motores: unum proximum [...] et alium remotum [...]""","ACT(obl), PAT(obl)",2,thetic-possession-91,ARG1|ARG2,,,
v-w73_MPf33_MP,reviewed,habeo,"""[...] (caelum) habet quod motus eius sit finitae velocitatis [...]""","ACT(obl), PAT(obl)",3,habeo-19,ARG0|ARG1,,,
v-w73_MPf35_MP,reviewed,habeo,"""[...] bonum facit habentem [...]""","ACT(obl), PAT(obl)",1,thetic-possession-91,ARG1|ARG2,,,
v-w73_MPf36_MP,reviewed,habeo,"""omne simplex suum esse et id quod est unum habet""","ACT(obl), PAT(obl), EFF(obl)",1,habeo-NEW-33,ARG0|ARG1|ARG2,have something in a certain way,,
v-w2_MPf221_MP,obsolete,sum,"""[...] quod est in altero, est in eo [...]""","ACT(obl), LOC(non)",,,,,,
v-w73_MPf38_MP,reviewed,habeo,"""licet id quod est vel bonum possit aliquid [...] habere""","ACT(obl), PAT(obl)",1,habeo-10,ARG0|ARG1,,,
v-w73_MPf39_MP,reviewed,habeo,"""igitur totus hic mundus non habet nisi unus ordinatorem et gubernatorem""","ACT(obl), PAT(obl)",1,thetic-possession-91,ARG1|ARG2,,,
v-w2_MPf223_MP,substituted_v-w2_MPf224_MP,sum,"""[...] (castra) post eum quae erant [...]""","ACT(obl), LOC(obl)",,,,,,
v-w73_MPf40_MP,reviewed,habeo,"""aut (habet) ergo essentiam eius quod est necesse-esse, aut aliquid aliud""","ACT(obl), PAT(obl)",1,thetic-possession-91,ARG1|ARG2,,,
v-w73_MPf44_MP,reviewed,habeo,"""tanto actus aliquis pefectior est, quanto minus habet potentiae permixtum""","ACT(obl), PAT(obl)",1,habeo-10,ARG0|ARG1,,,
v-w73_MPf45_MP,reviewed,habeo,"""esse enim et bonitas et omnia [...] nihil praeter se habent admixtum [...]""","ACT(obl), PAT(obl)",1,habeo-10,ARG0|ARG1,,,
v-w73_MPf46_MP,reviewed,habeo,"""et quod possibile est non moveri non habet de se ut perpetuo tempore moveatur""","ACT(obl), PAT(obl)",1,habeo-19,ARG0|ARG1,,,
v-w2_MPf228_MP,substituted_v-w2_MPf235_MP,sum,"(Cicero) ""[...] ubi fueris [...]""","ACT(obl), LOC(non)",,,,,,
v-w73_MPf51_MP,reviewed,habeo,"""[...] virtus clara aeternaque habetur""","ACT(obl), PAT(obl), EFF(obl)",3,habeo-07,ARG0|ARG1|ARG2,,,
v-w2_MPf230_MP,substituted_v-w2_MPf232_MP,sum,"(Sallust) ""[...] mihi a spe metu partibus rei publicae animus liber erat""","ACT(obl), PAT(obl)",,,,,,
v-w73_MPf52_MP,reviewed,habeo,"""imperium legitumum nomen imperi regium habebant""","ACT(obl), PAT(obl), EFF(obl)",1,thetic-possession-91,ARG1|ARG2,,,
v-w2_MPf231_MP,substituted_v-w2_MPf233_MP,sum,"(Sallust) ""sed civitas incredibile memoratu est adepta libertate quantum brevi creverit""","ACT(obl), PAT(obl)",,,,,,
v-w73_MPf53_MP,reviewed,habeo,"""ita eorum qui fecere virtus tanta habetur [...]""","ACT(obl), PAT(obl), EFF(obl)",1,habeo-07,ARG0|ARG1|ARG2,,,
v-w73_MPf54_MP,reviewed,habeo,"""quarum rerum ego maxuma documenta haec habeo, quod [...] vindicatum est [...]""","ACT(obl), PAT(obl), EFF(obl)",1,habeo-07,ARG0|ARG1|ARG2,,,
v-w73_MPf55_MP,reviewed,habeo,"""(ego documenta habeo) in pace vero quod beneficiis magis quam metu imperium agitabant [...]""","ACT(obl), PAT(obl), EFF(obl)",1,habeo-07,ARG0|ARG1|ARG2,,,
v-w73_MPf56_MP,reviewed,habeo,"""[...] omnia venalia habere edocuit""","ACT(obl), PAT(obl), EFF(obl)",1,habeo-07,ARG0|ARG1|ARG2,,,
v-w73_MPf58_MP,reviewed,habeo,"""[...] paupertas probro haberi [...] coepit""","ACT(obl), PAT(obl), EFF(obl)",1,habeo-07,ARG0|ARG1|ARG2,,,
v-w73_MPf59_MP,reviewed,habeo,"""[...] pudorem pudicitiam divina atque humana promiscua [...] habere""","ACT(obl), PAT(obl), EFF(obl)",3,habeo-07,ARG0|ARG1|ARG2,,,
v-w73_MPf61_MP,reviewed,habeo,"""at fulvia [...] tale periculum rei publicae haud occultum habuit [...]""","ACT(obl), PAT(obl), EFF(obl)",1,habeo-NEW-25,ARG0|ARG1|ARG2,,,
v-w73_MPf63_MP,reviewed,habeo,"""[...] exercitus manli quantus aut quo consilio foret satis compertum habebat [...]""","ACT(obl), PAT(obl), EFF(obl)",1,habeo-compertum-NEW-01,ARG0|ARG1|!delete,know full well,discarding children is done automatically,
v-w73_MPf64_MP,reviewed,habeo,"""sed allobroges diu in incerto habuere quidnam consilii caperent""","ACT(obl), PAT(obl)",1,habeo-in-incerto-NEW-01 if(echild.functor:MANN)(!delete) else !ok,ARG0|ARG1,"not know, be unsure about","delete MANN (not in frame, tho)",
v-w73_MPf65_MP,reviewed,habeo,"""[...] eos quam maxume manufestos habeant""","ACT(obl), PAT(obl), EFF(obl)",3,habeo-NEW-25,ARG0|ARG1|ARG2,,,
v-w73_MPf66_MP,reviewed,habeo,"""[...] quid aut qua de causa consili habuisset [...]""","ACT(obl), PAT(obl)",1,thetic-possession-91,ARG1|ARG2,,,
v-w73_MPf67_MP,reviewed,habeo,"""[...] lentulus itemque ceteri in liberis custodiis habeantur""","ACT(obl), PAT(obl)",1,habeo-NEW-32,ARG0|ARG1,keep under control; keep in check (02681795),,
v-w73_MPf68_MP,reviewed,habeo,"""[...] multosque mortalis ea causa advorsos habeo""","ACT(obl), PAT(obl), EFF(obl)",2,habeo-NEW-25,ARG0|ARG1|ARG2,,,
v-w2_MPf247_MP,substituted_v-w2_MPf248_MP,sum,"""[...] gloria belli gallos ante romanos fuisse""","ACT(obl), PAT(obl)",,,,,,
v-w73_MPf70_MP,reviewed,habeo,"""compertum ego habeo milites verba virtutem non addere [...]""","ACT(obl), PAT(obl), EFF(obl)",1,habeo-compertum-NEW-01,ARG0|ARG1|!delete,know full well,discarding children is done automatically,
v-w73_MPf71_MP,reviewed,habeo,"""[...] pro certo habetote vos simul de exercitu catilinae et de omnibus coniuratis decernere""","ACT(obl), PAT(obl), EFF(obl)",1,habeo-07,ARG0|ARG1|ARG2,,,
