id,lemma,V1 frame,UMR,synset_id,URI lemma,roles,example,definition,notes,gramm_info,additional notes (not for processing),
Par. 21,,,,,,,,,,,,
SlaT-2987-n1,postulo,v#v-w768_MPf13_MP,postulo-01,v#00752764,118629,"ACT, ADDR, PAT","postulavere plerique, ut proponeret, quae condicio belli foret",,,,,
SlaT-2987-n2,accipio,v#v-w217_MPf32_MP,accipio-15,v#02210855,87119,"ACT, PAT",accepere ea homines,,,,,
SlaT-2987-n5,sum,v#v-w2_MPf115_MP,belong-91,,,,,,,,,
SlaT-2987-n19,video,v#v-w16_MPf71_MP,uideo-10,v#02133435,130163,"ACT, EFF, PAT",illis quieta movere magna merces videbatur,,,passive,,
SlaT-2987-n21,moveo,v#v-w360_MPf40_MP,moueo-05,v#00520019,112848,"ACT, PAT",illis quieta movere magna merces videbatur,,,,,
SlaT-2987-n28,propono,v#v-w68_MPf30_MP,propono-06,v#01009240,119973,"ACT, PAT","postulavere plerique, ut proponeret, quae condicio belli foret",,,,,
SlaT-2987-n30,sum,v#v-w2_MPf100_MP,have-mod-91,,,,,,,,,
SlaT-2987-n34,peto,v#v-w564_MPf10_MP,peto-12,v#01433294,117549,"ACT, PAT",quae praemia armis peterent,,,,,
SlaT-2987-n38,habeo,v#v-w73_MPf20_MP,have-91,,,,,,,,,
SlaT-2988-n1,polliceor,v#v-w822_MPf2_MP,polliceor-01/polliceor-02,v#00884317/v#00889555,118296,"ACT, ADDR, PAT","Catilina polliceri tabulas novas, proscriptionem locupletium, magistratus sacerdotia rapinas",,merge,,,
SlaT-2988-n7,proscriptio,v#v-w1244_MPf1_MP,proscribo-04,v#02480923,120052,"ACT, PAT","Catilina polliceri tabulas novas, proscriptionem locupletium, magistratus sacerdotia rapinas",,EVENT,,"proscribe, outlaw one, by hanging up a tablet with his name and sentence of outlawry, confiscation of goods, etc.",
SlaT-2988-n14,fero,v#v-w392_MPf10_MP,fero-37,v#01752884,103126,"ACT, PAT","alia omnia, quae bellum atque lubido victorum fert",,,,,
SlaT-2988-n18,libido,v#v-w1112_MPf8_MP,libido-NEW-08,,110407,"ACT, PAT","alia omnia, quae bellum atque lubido victorum fert","unlawful or inordinate desire, passion, caprice",NON-EVENT,,,
SlaT-2988-n19,victor,v#v-w1172_MPf1_MP,uinco-05,v#01108148,130232,"ACT, PAT","alia omnia, quae bellum atque lubido victorum fert",,,,,
2989a1,polliceor,v#v-w822_MPf3_MP,polliceor-01/polliceor-02,v#00884317/v#00889555,118296,"ACT, ADDR, PAT","Catilina polliceri tabulas novas, proscriptionem locupletium, magistratus sacerdotia rapinas",,merge,,,
SlaT-2989-n2,sum,v#v-w2_MPf102_MP,have-place-91,,,,,,,,,
2989a5,sum,v#v-w2_MPf102_MP,have-place-91,,,,,,,,,
SlaT-2989-n12,particeps,v#v-w1097_MPf2_MP,,,,,,,NAs,,,
SlaT-2989-n13,consilium,v#v-w316_MPf4_MP,consilium-10,n#05901508,96060,ACT,consili sui participes,,NON-EVENT,,,
2990a1,polliceor,v#v-w822_MPf3_MP,polliceor-01/polliceor-02,v#00884317/v#00889555,118296,"ACT, ADDR, PAT","Catilina polliceri tabulas novas, proscriptionem locupletium, magistratus sacerdotia rapinas",,merge,,,
SlaT-2990-n1,peto,v#v-w564_MPf11_MP,peto-NEW-19,,117549,"ACT, PAT",ipsi consulatum petenti magna spes,to be a candidate for office,,,,
SlaT-2990-n7,spero,v#v-w222_MPf5_MP,spero-08,v#01826723,125334,"ACT, PAT","C. Antonium, quem sibi collegam fore speraret",,,,,
SlaT-2990-n8,sum,v#v-w2_MPf100_MP,have-role-91,,,,,,,,,
SlaT-2990-n15,circumvenio,v#v-w838_MPf3_MP,circumenio-04,v#01126700,94300,"ACT, PAT",hominem et familiarem et omnibus necessitudinibus circumuentum,,,,,
SlaT-2990-n16,necessitudo,v#v-w1224_MPf1_MP,,,,,,,NON-EVENT,,,
2991a1,polliceor,v#v-w822_MPf3_MP,polliceor-01/polliceor-02,v#00884317/v#00889555,118296,"ACT, ADDR, PAT","Catilina polliceri tabulas novas, proscriptionem locupletium, magistratus sacerdotia rapinas",,merge,,,
SlaT-2991-n1,facio,v#v-w76_MPf24_MP,facio-25,v#01752884,102758,"ACT, PAT",cum eo se consulem initium agundi facturum,,,,,
SlaT-2991-n6,ago,v#v-w250_MPf11_MP,ago-17,v#02367363,88140,"ACT, PAT",cum eo se consulem initium agundi facturum,,,,,
SlaT-2992-n2,increpo,v#v-w1245_MPf1_MP,increpo-02,v#00825975,107184,"ACT, PAT",maledictis increpabat omnis bonos,,,,,
SlaT-2992-n7,laudo,v#v-w594_MPf7_MP,laudo-03/laudo-06,v#00856824/v#00882395,110078,"ACT, PAT",suorum unum quemque nominans laudare,,,,,
SlaT-2992-n11,nomino,v#v-w22_MPf11_MP,nomino-10,v#00975584,113810,"ACT, PAT",suorum unum quemque nominans laudare,,,,,
SlaT-2993-n2,admoneo,v#v-w713_MPf6_MP,admoneo-01,v#00610538,87560,"ACT, PAT, REG","admonebat alium egestatis, alium cupiditatis suae",,,,,
2993a2,admoneo,v#v-w713_MPf6_MP,admoneo-01,v#00610538,87560,"ACT, PAT, REG","admonebat alium egestatis, alium cupiditatis suae",,,,,
SlaT-2993-n6,cupiditas,v#v-w1111_MPf3_MP,cupiditas-01,n#04945530,97279,ACT,"admonebat alium egestatis, alium cupiditatis suae",,NON-EVENT,,,
2993a5,admoneo,v#v-w713_MPf6_MP,admoneo-01,v#00610538,87560,"ACT, PAT, REG","admonebat alium egestatis, alium cupiditatis suae",,,,,
2993a6,admoneo,v#v-w713_MPf5_MP,admoneo-01,v#00610538,87560,"ACT, PAT, REG","admonebat alium egestatis, alium cupiditatis suae",,,,,
SlaT-2993-n13,sum,v#v-w2_MPf127_MP,doppio dativo?,,,,,,,,,
SlaT-2994-n1,dimitto,v#v-w649_MPf3_MP,dimitto-08,v#02030967,99509,"ACT, PAT","cohortatus, ut petitionem suam curae haberent, conventum dimisit",,,,,
SlaT-2994-n2,video,v#v-w16_MPf62_MP,uideo-09,v#02129289,130163,"ACT, PAT",omnium animos alacris videt,,,,,
SlaT-2994-n6,cohortor,v#v-w1039_MPf5_MP,cohortor-02,v#00771341,94757,"ACT, PAT","cohortatus, ut petitionem suam curae haberent, conventum dimisit",,,,different frame than other cohortor-02,
SlaT-2994-n9,habeo,v#v-w73_MPf15_MP,curo-04,v#00616670,97341,"ACT, PAT","cohortatus, ut petitionem suam curae haberent, conventum dimisit",,,,single event as curo-04,
SlaT-2994-n10,petitio,v#v-w1246_MPf1_MP,petitio-04,n#00799537,117542,"ACT, PAT","cohortatus, ut petitionem suam curae haberent, conventum dimisit",,NON-EVENT,,,
SlaT-2994-n12,cura,v#v-w314_MPf1_MP,,,,,"cohortatus, ut petitionem suam curae haberent, conventum dimisit",,,,single event as curo-04,
Par. 22,,,,,,,,,,,,
SlaT-2995-n1,sum,v#v-w2_MPf113_MP,exist-91,,,,,,,,,
SlaT-2995-n4,dico,v#v-w9_MPf47_MP,dico2-21,v#01016002,99302,"ACT, PAT",sunt qui ita dicant,,,,,
SlaT-2995-n6,circumfero,v#v-w1247_MPf1_MP,circumfero-NEW-06,,94116,"ACT, PAT",humani corporis sanguinem vino permixtum in pateris circumtulisse,cause to be distributed,,,def from WN but absent in Latin data,
SlaT-2995-n8,habeo,v#v-w73_MPf15_MP,habeo-NEW-24,v#00989602,105044,"ACT, PAT",oratione habita,"deliver (a speech, oration, or idea)",,,,
SlaT-2995-n10,adigo,v#v-w1248_MPf2_MP,adigo-08,v#02505358,87453,"ACT, INTT, PAT",quom ad ius iurandum popularis sceleris sui adigeret,,,,,
SlaT-2995-n12,iuro,v#v-w903_MPf3_MP,iuro-05,v#00889947,109249,"ACT, PAT",quom ad ius iurandum popularis sceleris sui adigeret,,,,,
SlaT-2995-n19,permisceo,v#v-w1012_MPf3_MP,permisceo-02,v#00394813,117080,"ACT, PAT",humani corporis sanguinem vino permixtum in pateris circumtulisse,,,,,
2996a1,sum,v#v-w2_MPf113_MP,exist-91,,,,,,,,,
2996a3,dico,v#v-w9_MPf47_MP,dico2-21,v#01016002,99302,"ACT, PAT",sunt qui ita dicant,,,,,
SlaT-2996-n2,aperio,v#v-w699_MPf4_MP,aperio-03,v#00933821,89397,"ACT, PAT",apervisse consilium suom,,,,,
SlaT-2996-n4,degusto,v#v-w1250_MPf1_MP,degusto-02,v#01195299,98354,"ACT, PAT",post execrationem omnes degustavissent,,,,,
SlaT-2996-n5,exsecratio,v#v-w1251_MPf1_MP,exsecror-03,v#00865958,102297,"ACT, PAT",post execrationem omnes degustavissent,,,,,
SlaT-2996-n7,consuesco,v#v-w1252_MPf1_MP,consuesco-04,v#02600779,94952,"ACT, PAT",sicuti in sollemnibus sacris fieri consuevit,,,,,
SlaT-2996-n8,fio,v#v-w565_MPf7_MP,fio-02,v#00339934,103328,ACT,sicuti in sollemnibus sacris fieri consuevit,,,,,
SlaT-2996-n11,consilium,v#v-w316_MPf4_MP,consilium-10,n#05901508,96060,ACT,apervisse consilium suom,,NON-EVENT,,,
SlaT-2996-n13,dicto,v#v-w1253_MPf1_MP,dictito-04,v#00820801,99318,"ACT, PAT","eo dictitare fecisse, quo inter se fidi magis forent alius alii tanti facinoris conscii",,,,,
SlaT-2996-n21,facio,v#v-w76_MPf13_MP,facio-23,v#01712704,102758,"ACT, PAT","eo dictitare fecisse, quo inter se fidi magis forent alius alii tanti facinoris conscii",,,,different frame than other facio-23,
SlaT-2996-n22,sum,v#v-w2_MPf99_MP,have-mod-91,,,,,,NAs,,,
SlaT-2996-n24,fidus,v#v-w1174_MPf2_MP,,,,,,,NAs,,,
SlaT-2996-n28,conscius,v#v-w264_MPf2_MP,,,,,"eo dictitare fecisse, quo inter se fidi magis forent alius alii tanti facinoris conscii",,,,,
SlaT-2997-n1,existimo,v#v-w591_MPf6_MP,existimo-03,v#00689344,102057,"ACT, EFF, PAT","nonnulli ficta et haec et multa praeterea existumabant ab iis, qui Ciceronis invidiam quae postea orta est, leniri credebant",,,,,
SlaT-2997-n3,fingo,v#v-w240_MPf6_MP,fingo-12/fingo-15,v#01634424/v#01697986,103319,"ACT, PAT","nonnulli ficta et haec et multa praeterea existumabant ab iis, qui Ciceronis invidiam quae postea orta est, leniri credebant",,merge,,,
SlaT-2997-n9,credo,v#v-w146_MPf16_MP,credo-01,v#00631737,96881,"ACT, PAT","nonnulli ficta et haec et multa praeterea existumabant ab iis, qui Ciceronis invidiam quae postea orta est, leniri credebant",,,,,
SlaT-2997-n11,lenio,v#v-w1254_MPf1_MP,lenio-08,v#01058036,110199,"ACT, PAT","nonnulli ficta et haec et multa praeterea existumabant ab iis, qui Ciceronis invidiam quae postea orta est, leniri credebant",,,,,
SlaT-2997-n14,orior,v#v-w612_MPf4_MP,orior-10,v#02625786,115264,ACT,"iis, qui Ciceronis invidiam, quae postea orta est, leniri credebant atrocitate sceleris eorum, qui poenas dederant",,,,,
SlaT-2997-n20,do,v#v-w72_MPf26_MP,do-poenas-NEW-01,,,,"iis, qui Ciceronis invidiam, quae postea orta est, leniri credebant atrocitate sceleris eorum, qui poenas dederant",suffer punishment,,,,
SlaT-2998-n1,comperio,v#v-w816_MPf3_MP,comperio-03,v#00664483,95309,"ACT, PAT",nobis ea res pro magnitudine parum conperta est,,,,,
Par. 23,,,,,,,,,,,,
SlaT-2999-n2,sum,v#v-w2_MPf102_MP,abstract,,,,,,,,"something like be-member-91, which however does not exist. not location, not straightforward annotation.",
SlaT-2999-n3,conjuratio,v#v-w1094_MPf4_MP,coniuratio-05,n#05908882,95954,ACT,in ea coniuratione fuit Q. Curius,,,,,
SlaT-2999-n9,nascor,v#v-w35_MPf8_MP,nascor-05/06,v#00360932/v#00361208,113387,ACT,"Q. Curius, natus haud obscuro loco, flagitiis atque facinoribus coopertus",,merge,,,
SlaT-2999-n13,cooperio,v#v-w1255_MPf1_MP,cooperio-NEW-03,,96508,"ACT, MEANS, PAT","Q. Curius, natus haud obscuro loco, flagitiis atque facinoribus coopertus",invest with a large or excessive amount of something,,,"cf. English example ""She covered herself with glory"". Frame from WN but not available in Latin one.",
SlaT-2999-n17,moveo,v#v-w360_MPf53_MP,moueo-08,v#00765649,112848,"ACT, DIR3, PAT",Q. Curius [...] quem censores senatu probri gratia moverant,,,,,
SlaT-3000-n1,insum,v#v-w150_MPf3_MP,have-place-91,v#02705535,108325,"ACT, LOC",huic homini non minor vanitas inerat quam audacia,,,,"Vallex frame: insum-04. But an abstract predicate seems more in line with UMR policies. Which one, though? Debatable. Have-place is quite ltieral.",
3000a1,insum,v#v-w150_MPf3_MP,have-place-91,v#02705535,108325,"ACT, LOC",huic homini non minor vanitas inerat quam audacia,,,,,
SlaT-3001-n2,habeo,v#v-w73_MPf20_MP,pendo-05,v#00950431,116474,"ACT, PAT",prorsus neque dicere neque facere quicquam pensi habebat,,,,single predicate pendo-05 as for consilium-esse/decido-02,
SlaT-3001-n8,reticeo,v#v-w1256_MPf1_MP,reticeo-04,v#02146790,122775,"ACT, PAT","neque reticere quae audierat, neque suamet ipse scelera occultare",,,,,
SlaT-3001-n9,audio,v#v-w216_MPf4_MP,audio-10,v#02169702,90641,"ACT, PAT","neque reticere quae audierat, neque suamet ipse scelera occultare",,,,,
SlaT-3001-n11,occulto,v#v-w1257_MPf1_MP,occulto-01/occulto-04,v#02148369/v#02148369,114613,"ACT, PAT","neque reticere quae audierat, neque suamet ipse scelera occultare",,merge,,,
SlaT-3001-n18,dico,v#v-w9_MPf84_MP,dico2-08/dico2-18,v#00941990/v#01009240,99302,"ACT, PAT",facta dictis exaequanda sunt,,merge,,,
SlaT-3001-n20,facio,v#v-w76_MPf43_MP,facio-23,v#01712704,102758,"ACT, PAT",,,,,,
SlaT-3002-n1,sum,v#v-w2_MPf115_MP,belong-91,,,,,,,,,
SlaT-3003-n1,coepio,v#v-w575_MPf4_MP,coepio-01,v#00345761,94695,"ACT, PAT","cui cum minus gratus esset, quia inopia minus largiri poterat, repente glorians maria montisque polliceri coepi",,,,,
SlaT-3003-n2,sum,v#v-w2_MPf99_MP,have-mod-91,,,,,,,,,
SlaT-3003-n6,largior,v#v-w955_MPf2_MP,largior-04,v#02263692,109940,"ACT, ADDR, PAT","cui cum minus gratus esset, quia inopia minus largiri poterat, repente glorians maria montisque polliceri coepi",,,,,
SlaT-3003-n10,glorior,v#v-w1258_MPf1_MP,glorior-02,v#00883226,104712,"ACT, REG","cui cum minus gratus esset, quia inopia minus largiri poterat, repente glorians maria montisque polliceri coepi",,,,,
SlaT-3003-n12,polliceor,v#v-w822_MPf4_MP,polliceor-01/polliceor-02,v#00884317/v#00889555,118296,"ACT, ADDR, PAT","cui cum minus gratus esset, quia inopia minus largiri poterat, repente glorians maria montisque polliceri coepi",,merge,,,
SlaT-3003-n16,minor,v#v-w1259_MPf1_MP,minor-01,v#00871405,112399,"ACT, PAT","coepit [...] minari interdum ferro, ni sibi obnoxia foret",,,,,
SlaT-3003-n19,sum,v#v-w2_MPf99_MP,have-mod-91,,,,,,,,,
SlaT-3003-n21,obnoxius,v#v-w1205_MPf1_MP,,,,,,,NAs,,,
SlaT-3003-n22,agito,v#v-w631_MPf5_MP,agito-08,v#01646300,88103,"ACT, PAT",ferocius agitare quam solitus erat,,,,,
SlaT-3003-n26,soleo,v#v-w573_MPf7_MP,soleo-02,v#02370131,125051,"ACT, PAT",ferocius agitare quam solitus erat,,,,,
SlaT-3004-n4,habeo,v#v-w73_MPf61_MP,habeo-NEW-25,v#02681795,105044,"ACT, PAT, EFF","Fulvia, insolentiae Curi causa cognita, tale periculum rei publicae haud occultum habuit","keep in a certain state, position, or activity; e.g.,",,,or single predicate with occultum (+),
SlaT-3004-n5,cognosco,v#v-w118_MPf21_MP,cognosco-06,v#00598954,94738,"ACT, PAT","Fulvia, insolentiae Curi causa cognita, tale periculum rei publicae haud occultum habuit",,,,,
SlaT-3004-n6,causa,v#v-w258_MPf7_MP,have-cause-91,,,,,,,,"manca in latino un verbo per cause, sarebbe causa-esse. efficio/infero non sembrano appropriati. causa-esse potrebbe essere formato, è abbastanza frequente - ma non ce n'è in realtà bisogno. basta usare UMR abstract predicate have-cause-91 and reverse the structure of the sentence.",
SlaT-3004-n7,insolentia,v#v-w1260_MPf1_MP,insolesco-03,v#02596908,108184,ACT,"Fulvia, insolentiae Curi causa cognita, tale periculum rei publicae haud occultum habuit",,,,,
SlaT-3004-n13,occulo,v#v-w1261_MPf1_MP,occulo-05/occulo-06,v#02144835/v#02148369,114609,"ACT, PAT","Fulvia, insolentiae Curi causa cognita, tale periculum rei publicae haud occultum habuit",,merge,,,
SlaT-3004-n15,narro,v#v-w820_MPf6_MP,,,,,sublato auctore de Catilinae coniuratione quae quoque modo audierat conpluribus narravit,,,,,
SlaT-3004-n16,tollo,v#v-w336_MPf6_MP,tollo-05,v#00615774,128357,"ACT, PAT",sublato auctore de Catilinae coniuratione quae quoque modo audierat conpluribus narravit,,,,,
SlaT-3004-n17,auctor,v#v-w60_MPf9_MP,auctor-30,n#10786033,90615,PAT,sublato auctore de Catilinae coniuratione quae quoque modo audierat conpluribus narravit,,,,,
SlaT-3004-n18,audio,v#v-w216_MPf4_MP,audio-10,v#02169702,90641,"ACT, PAT",sublato auctore de Catilinae coniuratione quae quoque modo audierat conpluribus narravit,,,,,
SlaT-3004-n20,conjuratio,v#v-w1094_MPf3_MP,coniuratio-05,n#05908882,95954,ACT,sublato auctore de Catilinae coniuratione quae quoque modo audierat conpluribus narravit,,,,,
SlaT-3005-n1,accendo,v#v-w754_MPf3_MP,accendo-05,v#01759326,87089,"ACT, PAT",ea res primis studia hominum accendit ad consulatum mandandum M. Tullio Ciceroni,,,,,
SlaT-3005-n5,studium,v#v-w59_MPf7_MP,studeo-01,v#00601043,125886,"ACT, PAT",ea res primis studia hominum accendit ad consulatum mandandum M. Tullio Ciceroni,,EVENT (nominal studium-03),,,
SlaT-3005-n7,mando,v#v-w788_MPf2_MP,mando-09,v#02391803,111470,"ACT, ADDR, PAT",ea res primis studia hominum accendit ad consulatum mandandum M. Tullio Ciceroni,,,,,
SlaT-3006-n4,aestuo,v#v-w1262_MPf2_MP,aestuo-04,v#01829292,87951,"ACT, CAUS",antea pleraque nobilitas invidia aestuabat,,,,,
SlaT-3006-n9,credo,v#v-w146_MPf26_MP,credo-01,v#00631737,96881,"ACT, PAT","quasi pollui consulatum credebant, si eum, quamvis egregius, homo novos adeptus foret",,,,different frame than other credo-01,
SlaT-3006-n10,polluo,v#v-w1182_MPf2_MP,polluo-04,v#02547225,118312,"ACT, PAT","quasi pollui consulatum credebant, si eum, quamvis egregius, homo novos adeptus foret",,,,,
SlaT-3006-n13,adipiscor,v#v-w913_MPf5_MP,adipiscor-07,v#02292125,87476,"ACT, PAT","quasi pollui consulatum credebant, si eum, quamvis egregius, homo novos adeptus foret",,,,,
3006a2,adipiscor,v#v-w913_MPf5_MP,adipiscor-07,v#02292125,87476,"ACT, PAT","quasi pollui consulatum credebant, si eum, quamvis egregius, homo novos adeptus foret",,,,,
SlaT-3007-n2,sum,v#v-w2_MPf171_MP,relinquo-07,v#02081578,122569,"ACT, PAT",ubi periculum advenit invidia atque superbia post fuere,,"abstract meaning: remained behind, were forgotten. literal one: Of place, behind, back, backwards. Since UMR grants some freedom, let's exploit it and sort the frame out by using a borad synonym.",,,
SlaT-3007-n3,advenio,v#v-w548_MPf4_MP,aduenio-02,v#00341917,87654,"ACT, TOWH",ubi periculum advenit invidia atque superbia post fuere,,,,,
Par. 24,,,,,,,,,,,,
SlaT-3008-n1,declaro,v#v-w249_MPf5_MP,declaro-04,v#00965871,98090,"ACT, EFF, PAT",comitiis habitis consules declarantur M. Tullius et C. Antonius,,,,,
SlaT-3008-n3,habeo,v#v-w73_MPf19_MP,habeo-15,v#02445509,105044,"ACT, PAT",comitiis habitis consules declarantur M. Tullius et C. Antonius,,,,,
SlaT-3009-n1,concutio,v#v-w872_MPf2_MP,concutio-01,v#00167385,95622,"ACT, PAT",quod factum primo popularis coniurationis concusserat,,,,,
SlaT-3009-n2,facio,v#v-w76_MPf17_MP,facio-23,v#01712704,102758,"ACT, PAT",quod factum primo popularis coniurationis concusserat,,,,,
SlaT-3009-n6,conjuratio,v#v-w1094_MPf1_MP,coniuratio-05,n#05908882,95954,ACT,quod factum primo popularis coniurationis concusserat,,,,,
SlaT-3010-n3,minuo,v#v-w524_MPf1_MP,minuo-02,v#00224901,112408,"ACT, PAT","neque tamen Catilinae furor minuebatur, sed in dies plura agitare",,,,,
SlaT-3010-n8,agito,v#v-w631_MPf4_MP,agito-NEW-16,v#00943837,88103,"ACT, PAT","neque tamen Catilinae furor minuebatur, sed in dies plura agitare",give expression to,,,,
SlaT-3011-n2,paro,v#v-w572_MPf10_MP,paro-01,v#00406243,116061,"ACT, PAT",arma per Italiam locis opportunis parare,,,,,
SlaT-3011-n7,porto,v#v-w807_MPf5_MP,porto-05,v#02077656,118540,"ACT, DIR3, PAT","pecuniam sua aut amicorum fide sumptam mutuam Faesulas ad Manlium quendam portare, qui postea princeps fuit belli faciundi",,,,,
SlaT-3011-n9,sumo,v#v-w14_MPf20_MP,sumo-20,v#02324026,126707,"ACT, PAT","pecuniam sua aut amicorum fide sumptam mutuam Faesulas ad Manlium quendam portare, qui postea princeps fuit belli faciundi",,,,,
SlaT-3011-n18,sum,v#v-w2_MPf100_MP,identity-91,,,,,,,,,
SlaT-3011-n22,facio,v#v-w76_MPf18_MP,facio-23,v#01712704,102758,"ACT, PAT","pecuniam sua aut amicorum fide sumptam mutuam Faesulas ad Manlium quendam portare, qui postea princeps fuit belli faciundi",,,,,
SlaT-3012-n1,dico,v#v-w9_MPf57_MP,dico2-21,v#01016002,99302,"ACT, PAT",plurumos cuiusque generis homines adscivisse sibi dicitur,,,,,
SlaT-3012-n4,adscio,v#v-w1263_MPf1_MP,ascio-04,v#02470175,89358,"ACT, PAT",plurumos cuiusque generis homines adscivisse sibi dicitur,,NAs,,,
SlaT-3012-n17,tolero,v#v-w782_MPf3_MP,tolero-04,v#01184625,128354,"ACT, PAT","mulieres etiam aliquot, quae primo ingentis sumptus stupro corporis toleraverant, post ubi aetas tantummodo quaestui neque luxuriae modum fecerat, aes alienum grande conflaverant",,,,,
SlaT-3012-n19,sumptus,v#v-w1196_MPf1_MP,sumo-15,v#02207206,126707,"ACT, PAT","mulieres etiam aliquot, quae primo ingentis sumptus stupro corporis toleraverant, post ubi aetas tantummodo quaestui neque luxuriae modum fecerat, aes alienum grande conflaverant",,EVENT,,,
SlaT-3012-n23,conflo,v#v-w1198_MPf1_MP,conflo-09,v#01645601,95792,"ACT, PAT","mulieres etiam aliquot, quae primo ingentis sumptus stupro corporis toleraverant, post ubi aetas tantummodo quaestui neque luxuriae modum fecerat, aes alienum grande conflaverant",,,,,
SlaT-3012-n29,facio,v#v-w76_MPf21_MP,facio-25,v#01752884,102758,"ACT, PAT","mulieres etiam aliquot, quae primo ingentis sumptus stupro corporis toleraverant, post ubi aetas tantummodo quaestui neque luxuriae modum fecerat, aes alienum grande conflaverant",,,,,
SlaT-3012-n27,quaestus,v#v-w1195_MPf1_MP,mereo-03,v#0228929,112109,"ACT, PAT",eo profusius omnibus modis quaestui atque sumptui deditus erat,,EVENT,,since no lucror is available. nominal frame: quaestus-03,
SlaT-3012-n34,alienus,v#v-w1336_MPf3_MP,,,,,,,,,,
SlaT-3013-n1,credo,v#v-w146_MPf26_MP,credo-01,v#00631737,96881,"ACT, PAT","per eas se Catilina credebat posse servitia urbana sollicitare, urbem incendere, viros earum vel adiungere sibi vel interficere",,,,,
SlaT-3013-n6,sollicito,v#v-w1031_MPf4_MP,sollicito-04,v#00776523,125088,"ACT, PAT","per eas se Catilina credebat posse servitia urbana sollicitare, urbem incendere, viros earum vel adiungere sibi vel interficere",,,,,
SlaT-3013-n9,incendo,v#v-w762_MPf3_MP,incendo-06,v#02761372,106911,"ACT, PAT","per eas se Catilina credebat posse servitia urbana sollicitare, urbem incendere, viros earum vel adiungere sibi vel interficere",,,,does not match with same frame elsewhere,
SlaT-3013-n14,adjungo,v#v-w871_MPf2_MP,adiungo-08,v#02377938,87493,"ACT, ADDR, PAT","per eas se Catilina credebat posse servitia urbana sollicitare, urbem incendere, viros earum vel adiungere sibi vel interficere",,,,,
SlaT-3013-n16,interficio,v#v-w604_MPf4_MP,interficio-01,v#01323958,108471,"ACT, PAT","per eas se Catilina credebat posse servitia urbana sollicitare, urbem incendere, viros earum vel adiungere sibi vel interficere",,,,,
Par. 25,,,,,,,,,,,,
SlaT-3014-n2,sum,v#v-w2_MPf112_MP,abstract,,,,,,,,"something like be-member-91, which however does not exist. not location, not straightforward annotation.",
SlaT-3014-n5,committo,v#v-w629_MPf4_MP,committo-27,v#02582615,95164,"ACT, PAT","Sempronia, quae multa saepe virilis audaciae facinora commiserat",,,,,
SlaT-3015-n1,sum,v#v-w2_MPf118_MP,have-mod-91,,,,,,,,,
SlaT-3015-n4,fortuno,v#v-w1264_MPf1_MP,,,,,,,NON-EVENT (mere adj),,,
SlaT-3016-n1,doceo,v#v-w165_MPf20_MP,doceo-03,v#00829107,99971,"ACT, PAT","litteris Graecis, Latinis docta",,,,,
SlaT-3016-n7,psallo,v#v-w1265_MPf1_MP,psallo-01,v#01725051,120242,ACT,psallere saltare elegantius quam necesse est probae,,,,,
SlaT-3016-n10,salto,v#v-w1266_MPf1_MP,salto-01,v#01708676,123255,ACT,psallere saltare elegantius quam necesse est probae,,,,,
SlaT-3016-n13,sum,v#v-w2_MPf113_MP,have-mod-91,,,,,,,,,
SlaT-3016-n18,sum,v#v-w2_MPf100_MP,identity-91,,,,,,,,,
SlaT-3017-n2,sum,v#v-w2_MPf99_MP,have-mod-91,,,,,,,,,
3017a1,sum,v#v-w2_MPf104_MP,have-mod-91,,,,,,,,,
SlaT-3018-n1,discerno,v#v-w1022_MPf2_MP,discerno-02,v#00698855,99597,"ACT, PAT","pecuniae an famae minus parceret, haud facile discerneres",,,,,
SlaT-3018-n2,parco,v#v-w621_MPf2_MP,parco-02,v#01196037,116001,"ACT, PAT","pecuniae an famae minus parceret, haud facile discerneres",,,,,
SlaT-3019-n1,accendo,v#v-w754_MPf4_MP,accendo-06,v#01761120,87089,"ACT, PAT","lubido sic accensa, ut saepius peteret viros quam peteretur",,,,,
SlaT-3019-n2,libido,v#v-w1112_MPf5_MP,,,,,,,NON-EVENT,,,
SlaT-3019-n4,peto,v#v-w564_MPf10_MP,peto-NEW-20,,117549,"ACT, PAT","lubido sic accensa, ut saepius peteret viros quam peteretur",make amorous advances towards,,,,
SlaT-3019-n6,peto,v#v-w564_MPf12_MP,peto-NEW-20,,117549,"ACT, PAT","lubido sic accensa, ut saepius peteret viros quam peteretur",make amorous advances towards,,,"WN def, but not available in the Latin one",
SlaT-3020-n6,prodo,v#v-w777_MPf4_MP,prodo-NEW-22,,119676,"ACT, PAT","ea saepe antehac fidem prodiderat, creditum abiuraverat, caedis conscia fuerat","betray, do not maintain a word",,,,
SlaT-3020-n8,abjuro,v#v-w1267_MPf1_MP,abiuro-02,v#00834745,86905,"ACT, PAT","ea saepe antehac fidem prodiderat, creditum abiuraverat, caedis conscia fuerat",,,,,
SlaT-3020-n10,sum,v#v-w2_MPf99_MP,have-mod-91,,,,,,,,,
SlaT-3020-n11,conscius,v#v-w264_MPf2_MP,,,,,,,,,,
SlaT-3021-n1,abeo,v#v-w396_MPf4_MP,abeo-22,v#02610845,86873,ACT,luxuria atque inopia praeceps abierat,,NAs,,,
SlaT-3023-n2,facio,v#v-w76_MPf24_MP,facio-22,v#01698271,102758,"ACT, PAT","posse versus facere, iocum movere, sermone uti vel modesto vel molli vel procaci",,,,,
SlaT-3023-n4,moveo,v#v-w360_MPf40_MP,moueo-10,v#00851239,112848,"ACT, PAT","posse versus facere, iocum movere, sermone uti vel modesto vel molli vel procaci",,,,,
SlaT-3023-n6,utor,v#v-w28_MPf8_MP,utor-05,v#01224415,130923,"ACT, PAT","posse versus facere, iocum movere, sermone uti vel modesto vel molli vel procaci",,,PAT in ablative,,
SlaT-3024-n1,insum,v#v-w150_MPf4_MP,have-place-91,v#02705535,108325,"ACT, LOC",prorsus multae facetiae multusque lepos inerat,,,,,"Vallex frame: insum-04. But an abstract predicate seems more in line with UMR policies. Which one, though? Debatable. Have-place is quite literal."
Par. 26,,,,,,,,,,,,
SlaT-3025-n1,peto,v#v-w564_MPf11_MP,peto-NEW-19,,117549,"ACT, PAT",his rebus conparatis Catilina nihilo minus in proxumum annum consulatum petebat,to be a candidate for office,,,,
SlaT-3025-n2,comparo,v#v-w558_MPf10_MP,comparo2-02,v#01651444,97455,"ACT, PAT",his rebus conparatis Catilina nihilo minus in proxumum annum consulatum petebat,,,,,
SlaT-3025-n9,proximus,v#v-w1036_MPf4_MP,,,,,,,,,,
SlaT-3025-n11,spero,v#v-w222_MPf6_MP,spero-08,v#01826723,125334,"ACT, PAT","consulatum petebat, sperans, si designatus foret, facile se ex voluntate Antonio usurum",,,,,
SlaT-3025-n12,designo,v#v-w55_MPf7_MP,designo-08,v#02391803,98908,"ACT, EFF, PAT","consulatum petebat, sperans, si designatus foret, facile se ex voluntate Antonio usurum",,,,,
SlaT-3025-n13,utor,v#v-w28_MPf8_MP,utor-05,v#01224415,130923,"ACT, PAT","consulatum petebat, sperans, si designatus foret, facile se ex voluntate Antonio usurum",,,PAT in ablative,,
SlaT-3025-n16,voluntas,v#v-w1232_MPf3_MP,uolo-11,v#01825237,130745,"ACT, PAT","consulatum petebat, sperans, si designatus foret, facile se ex voluntate Antonio usurum",,EVENT,,,
3026a2,sum,v#v-w2_MPf99_MP,have-mod-91,,,,"neque interea quietus erat, sed omnibus modis insidias parabat Ciceroni",,,,,
SlaT-3026-n6,paro,v#v-w572_MPf12_MP,paro-07,v#01638368,116061,"ACT, PAT","neque interea quietus erat, sed omnibus modis insidias parabat Ciceroni",,,,,
SlaT-3027-n2,desum,v#v-w229_MPf9_MP,desum-NEW-03,v#02632567,98996,"ACT, PAT",neque illi tamen ad cavendum dolus aut astutiae deerant,"be without, lack; be deficient in",,,,
SlaT-3027-n6,caveo,v#v-w843_MPf2_MP,caueo-02,v#00724664,93200,"ACT, REG",neque illi tamen ad cavendum dolus aut astutiae deerant,,,,,
SlaT-3028-n2,efficio,v#v-w476_MPf6_MP,efficio-18,v#01752884,100627,"ACT, EFF, PAT","a principio consulatus sui multa pollicendo per Fulviam effecerat, ut Q. Curius [...] consilia Catilinae sibi proderet",,,,,
SlaT-3028-n7,polliceor,v#v-w822_MPf4_MP,polliceor-01/polliceor-02,v#00884317/v#00889555,118296,"ACT, ADDR, PAT","a principio consulatus sui multa pollicendo per Fulviam effecerat, ut Q. Curius [...] consilia Catilinae sibi proderet",,merge,,,
SlaT-3028-n10,prodo,v#v-w777_MPf3_MP,prodo-05,v#00841986,119676,"ACT, PAT","a principio consulatus sui multa pollicendo per Fulviam effecerat, ut Q. Curius [...] consilia Catilinae sibi proderet",,,,,
SlaT-3028-n14,memoro,v#v-w694_MPf15_MP,memoro-05,v#01024190,112007,"ACT, PAT",de quo paulo ante memoravi,,,,,
SlaT-3028-n18,consilium,v#v-w316_MPf7_MP,consilium-12,n#05907682,96060,ACT,"a principio consulatus sui multa pollicendo per Fulviam effecerat, ut Q. Curius [...] consilia Catilinae sibi proderet",,NON-EVENT,,,
SlaT-3029-n1,perpello,v#v-w1268_MPf1_MP,perpello-03,v#02560424,117177,"ACT, EFF, PAT","ad hoc collegam suom Antonium pactione provinciae perpulerat, ne contra rem publicam sentiret",,,,,
SlaT-3029-n6,pactio,v#v-w1269_MPf1_MP,paciscor-NEW-01,v#00764782,115589,"ACT, PAT","collegam suom Antonium pactione provinciae perpulerat, ne contra rem publicam sentiret",come to terms; arrive at an agreement,,,,
SlaT-3029-n8,sentio,v#v-w574_MPf3_MP,sentio-17,v#01771535,124353,"ACT, PAT","collegam suom Antonium pactione provinciae perpulerat, ne contra rem publicam sentiret",,,,,
SlaT-3030-n1,habeo,v#v-w73_MPf15_MP,habeo-NEW-25,v#02681795,105044,"ACT, PAT, EFF",circum se praesidia amicorum atque clientium occulte habebat,"keep in a certain state, position, or activity; e.g.,",,,,
SlaT-3031-n1,constituo,v#v-w605_MPf8_MP,constituo-07,v#00697589,96146,"ACT, PAT",constituit bellum facere,,,,,
SlaT-3031-n3,venio,v#v-w34_MPf7_MP,uenio-03,v#00341917,129790,"ACT, DIR1, DIR3",postquam dies comitiorum venit,,,,DIR? Eleonora?,
SlaT-3031-n6,cedo,v#v-w583_MPf5_MP,cedo-29,v#02610845,93298,"ACT, EFF","Catilinae neque petitio neque insidiae, quas consulibus in campo fecerat, prospere cessere",,,,,
SlaT-3031-n10,petitio,v#v-w1246_MPf2_MP,peto-NEW-19,,117549,"ACT, PAT","Catilinae neque petitio neque insidiae, quas consulibus in campo fecerat, prospere cessere",to be a candidate for office,EVENT,,,
SlaT-3031-n14,facio,v#v-w76_MPf13_MP,facio-19,v#01648126,102758,"ACT, PAT","insidiae, quas consulibus in campo fecerat",,,,does not match with same freame elsewhere,
SlaT-3031-n20,facio,v#v-w76_MPf24_MP,facio-25,v#01752884,102758,"ACT, PAT",constituit bellum facere et extrema omnia experiri,,,,,
SlaT-3031-n22,experior,v#v-w136_MPf3_MP,experior-07,v#02590072,102164,"ACT, PAT",constituit bellum facere et extrema omnia experiri,,,,,
SlaT-3031-n25,evenio,v#v-w724_MPf4_MP,euenio-05,v#02610845,101603,ACT,quae occulte temptaverat aspera foedaque evenerant,,,,,
SlaT-3031-n26,tento,v#v-w105_MPf4_MP,tempto-10,v#02530167,127795,"ACT, PAT",quae occulte temptaverat aspera foedaque evenerant,,,,,
Par. 27,,,,,,,,,,,,
3032a1,dimitto,v#v-w649_MPf14_MP,dimitto-07,v#01955127,99509,"ACT, PAT","C. Manlium Faesulas atque in eam partem Etruriae, Septimium quendam Camertem in agrum Picenum, C. Iulium in Apuliam dimisit",,,,,
3032a2,dimitto,v#v-w649_MPf15_MP,dimitto-07,v#01955127,99509,"ACT, PAT","C. Manlium Faesulas atque in eam partem Etruriae, Septimium quendam Camertem in agrum Picenum, C. Iulium in Apuliam dimisit",,,,,
SlaT-3032-n16,dimitto,v#v-w649_MPf15_MP,dimitto-07,v#01955127,99509,"ACT, PAT","C. Manlium Faesulas atque in eam partem Etruriae, Septimium quendam Camertem in agrum Picenum, C. Iulium in Apuliam dimisit",,,,,
3032a3,dimitto,v#v-w649_MPf16_MP,dimitto-07,v#01955127,99509,"ACT, PAT","C. Manlium Faesulas atque in eam partem Etruriae, Septimium quendam Camertem in agrum Picenum, C. Iulium in Apuliam dimisit",,,,,
SlaT-3032-n23,credo,v#v-w146_MPf16_MP,credo-01,v#00631737,96881,"ACT, PAT","(dimisit) alium alio, quem ubique opportunum sibi fore credebat",,,,,
SlaT-3032-n25,sum,v#v-w2_MPf99_MP,have-mod-91,,,,,,,,,
SlaT-3033-n1,molior,v#v-w899_MPf2_MP,molior-03,v#00710005,112590,"ACT, PAT",interea Romae multa simul moliri,,,,,
SlaT-3034-n2,tendo,v#v-w176_MPf17_MP,tendo-NEW-19,v#01638368,127805,"ACT, BEN, PAT",consulibus insidias tendere,make or work out a plan for; devise,,,,
SlaT-3034-n5,paro,v#v-w572_MPf10_MP,paro-07,v#01638368,116061,"ACT, PAT",parare incendia,,,,does not match with same frame elsewhere,
SlaT-3034-n7,obsido,v#v-w1270_MPf1_MP,obsideo-06,v#01126961,114423,"ACT, PAT",opportuna loca armatis hominibus obsidere,,,,disagreement with lemma,
SlaT-3034-n11,armo,v#v-w865_MPf3_MP,armo-06,v#01088381,90036,"ACT, PAT",opportuna loca armatis hominibus obsidere,,,,,
SlaT-3035-n3,sum,v#v-w2_MPf113_MP,have-instrument-91,,,,,,,,,
SlaT-3035-n5,iubeo,v#v-w563_MPf4_MP,iubeo-02/iubeo-04,v#00746718/v#00747135,109152,"ACT, ADDR, PAT","ipse cum telo esse, item alios iubere, hortari uti semper intenti paratique essent",,merge,,,
SlaT-3035-n8,hortor,v#v-w710_MPf6_MP,hortor-02,v#00771341,105727,"ACT, ADDR, PAT","ipse cum telo esse, item alios iubere, hortari uti semper intenti paratique essent",,,,,
SlaT-3035-n9,sum,v#v-w2_MPf111_MP,have-mod-91,,,,,,,,,
SlaT-3035-n12,intendo,v#v-w29_MPf12_MP,intendo-06,v#00722232,108382,"ACT, PAT","ipse cum telo esse, item alios iubere, hortari uti semper intenti paratique essent",,,,,
SlaT-3035-n13,paro,v#v-w572_MPf4_MP,paro-01,v#00406243,116061,"ACT, PAT","ipse cum telo esse, item alios iubere, hortari uti semper intenti paratique essent",,,,,
SlaT-3036-n6,festino,v#v-w860_MPf5_MP,festino-02,v#00459498,103186,ACT,"dies noctisque festinare vigilare, neque insomniis neque labore fatigari",,,,,
SlaT-3036-n7,vigilo,v#v-w1271_MPf3_MP,uigilo-02,v#02151966,130183,ACT,"dies noctisque festinare vigilare, neque insomniis neque labore fatigari",,,,,
SlaT-3036-n8,fatigo,v#v-w776_MPf3_MP,fatigo-01,v#00075021,102996,"ACT, PAT","dies noctisque festinare vigilare, neque insomniis neque labore fatigari",,,,,
SlaT-3037-n4,procedo,v#v-w85_MPf36_MP,procedo-02,v#00248659,119582,"ACT, DIR3",multa agitanti nihil procedit,,,,qui DIR3 è piuttosto un ADDR,
SlaT-3037-n5,agito,v#v-w631_MPf4_MP,agito-NEW-16,v#02445509,88103,"ACT, PAT",multa agitanti nihil procedit,direct the course of; manage or control,,,,
SlaT-3037-n3,convoco,v#v-w1096_MPf3_MP,conuoco-03/conuoco-04/conuoco-05,v#00793037/v#01380638/v#02598143,96487,"ACT, PAT",coniurationis principes convocat,,merge,,,
SlaT-3037-n12,conjuratio,v#v-w1094_MPf4_MP,coniuratio-05,n#05908882,95954,ACT,coniurationis principes convocat,,,,,
SlaT-3037-n17,doceo,v#v-w165_MPf25_MP,doceo-04,v#00831651,99971,"ACT, ADDR, PAT",multa de ignavia eorum questus docet se Manlium praemisisse ad eam multitudem,,,,,
SlaT-3037-n19,queror,v#v-w616_MPf7_MP,queror-05,v#00911350,121157,"ACT, PAT",multa de ignavia eorum questus docet se Manlium praemisisse ad eam multitudem,,,,,
SlaT-3037-n24,praemitto,v#v-w326_MPf7_MP,praemitto-01,v#01955127,119036,"ACT, DIR1, DIR3, PAT",multa de ignavia eorum questus docet se Manlium praemisisse ad eam multitudem,,,,,
SlaT-3037-n29,paro,v#v-w572_MPf13_MP,paro-01,v#00406243,116061,"ACT, PAT","multitudem, quam ad capiunda arma paraverat",,,,different frame than other paro-01 + does not match with same frame elsewhere,
SlaT-3037-n31,capio,v#v-w106_MPf8_MP,capio-15,v#01214265,92686,"ACT, PAT","multitudem, quam ad capiunda arma paraverat",,,,does not match with same frame elsewhere,
3037a8,praemitto,v#v-w326_MPf8_MP,praemitto-01,v#01955127,119036,"ACT, DIR1, DIR3, PAT",multa de ignavia eorum questus docet se Manlium praemisisse ad eam multitudem,,,,,
SlaT-3037-n35,facio,v#v-w76_MPf24_MP,facio-25,v#01752884,102758,"ACT, PAT",alios [...] qui initium belli facerent,,,,,
SlaT-3037-n42,cupio,v#v-w215_MPf3_MP,cupio-03/cupio-05,v#01825237/v#01828405,97287,"ACT, PAT",seque ad exercitum proficisci cupere,,merge,,,
SlaT-3037-n43,proficiscor,v#v-w645_MPf10_MP,proficiscor-05,v#01992503,119713,"ACT, DIR1, DIR3",seque ad exercitum proficisci cupere,,,,,
SlaT-3037-n46,opprimo,v#v-w703_MPf3_MP,opprimo-01,v#00462092,115131,"ACT, PAT",si prius Ciceronem oppressisset,,,,,
3038a1,doceo,v#v-w165_MPf25_MP,doceo-04,v#00831651,99971,"ACT, ADDR, PAT",multa de ignavia eorum questus docet se Manlium praemisisse ad eam multitudem,,,,,
SlaT-3038-n1,officio,v#v-w1272_MPf1_MP,officio-03/officio-04,v#02451370/v#02451912,114806,"ACT, PAT",eum suis consiliis multum officere,,merge,,,
SlaT-3038-n3,consilium,v#v-w316_MPf4_MP,consilium-10,n#05901508,96060,ACT,eum suis consiliis multum officere,,NON-EVENT,,,
Par. 28,,,,,,,,,,,,
SlaT-3039-n1,constituo,v#v-w605_MPf9_MP,constituo-07,v#00697589,96146,"ACT, PAT",C. Cornelius [...] et cum eo L. Vargunteius senator constituere ea nocte paulo post cum armatis hominibus sicuti salutatum introire ad Ciceronem,,,,,
SlaT-3039-n13,polliceor,v#v-w822_MPf4_MP,polliceor-01/polliceor-02,v#00884317/v#00889555,118296,"ACT, ADDR, PAT",operam suam pollicitus,,merge,,,
SlaT-3039-n4,perterreo,v#v-w1273_MPf2_MP,perterreo-01,v#01780941,117391,"ACT, PAT",perterritis ac dubitantibus ceteris,,,,,
SlaT-3039-n5,dubito,v#v-w608_MPf5_MP,dubito-02,v#00687523,100176,"ACT, PAT",perterritis ac dubitantibus ceteris,,,,,
SlaT-3039-n22,introeo,v#v-w1274_MPf1_MP,introeo-03,v#02016523,109583,"ACT, DIR3",C. Cornelius [...] et cum eo L. Vargunteius senator constituere ea nocte paulo post cum armatis hominibus sicuti salutatum introire ad Ciceronem,,,,,
SlaT-3039-n28,armo,v#v-w865_MPf3_MP,armo-06,v#01088381,90036,"ACT, PAT",C. Cornelius [...] et cum eo L. Vargunteius senator constituere ea nocte paulo post cum armatis hominibus sicuti salutatum introire ad Ciceronem,,,,,
SlaT-3039-n29,saluto,v#v-w1275_MPf1_MP,saluto-NEW-06,,123288,"ACT, PAT",C. Cornelius [...] et cum eo L. Vargunteius senator constituere ea nocte paulo post cum armatis hominibus sicuti salutatum introire ad Ciceronem,"visit out of compliment, to pay one’s respects to",,,very specific to ancient Rome. A WN frame is not available.,
SlaT-3039-n31,confodio,v#v-w1276_MPf1_MP,confodio-01,v#00102586,95799,"ACT, PAT",de inproviso domi suae imparatum confodere,,,,,
SlaT-3040-n1,enuntio,v#v-w971_MPf2_MP,enuntio-NEW-13,v#00831651,101179,"ACT, ADDR, PAT",propere per Fulviam Ciceroni dolum qui parabatur enuntiat,"impart knowledge of some fact, state or affairs, or event to",,,,
SlaT-3040-n3,intelligo,v#v-w117_MPf25_MP,intellego-03,v#00592341,108367,"ACT, PAT","intellegit, quantum periculum consuli inpendeat",,,,,
SlaT-3040-n4,impendeo,v#v-w1395_MPf1_MP,impendeo-NEW-01,v#02744061,106499,"ACT, PAT","intellegit, quantum periculum consuli inpendeat","impend; [WN] hang over, as of something threatening, dark, or menacing",,PAT in dative,,
SlaT-3040-n12,paro,v#v-w572_MPf4_MP,paro-07,v#01638368,116061,"ACT, PAT",propere per Fulviam Ciceroni dolum qui parabatur enuntiat,,,,does not match with same frame elsewhere,
SlaT-3041-n1,suscipio,v#v-w763_MPf2_MP,suscipio-NEW-21,v#01712704,127111,"ACT, PAT",illi ianva prohibiti tantum facinus frustra susceperant,carry out or perform an action,,,,
SlaT-3041-n4,prohibeo,v#v-w381_MPf8_MP,prohibeo-08,v#02451113,119765,"ACT, ADDR, PAT",illi ianva prohibiti tantum facinus frustra susceperant,,,,,
SlaT-3042-n4,sollicito,v#v-w1031_MPf5_MP,sollicito-05,v#00851239,125088,"ACT, PAT",Manlius in Etruria plebem sollicitare,,,,,
SlaT-3042-n7,cupidus,v#v-w1278_MPf2_MP,,,,,,,,,,
SlaT-3042-n15,amitto,v#v-w596_MPf3_MP,amitto-12,v#02287789,88724,"ACT, PAT",(plebs) Sullae dominatione agros bonaque bonaque omnia amiserat,,,,,
SlaT-3042-n16,dominatio,v#v-w1144_MPf3_MP,dominor-03,v#02586619,100058,"ACT, PAT",(plebs) Sullae dominatione agros bonaque bonaque omnia amiserat,,EVENT,,nominal frame: dominatio-07,
3042a3,sollicito,v#v-w1031_MPf5_MP,sollicito-05,v#00851239,125088,"ACT, PAT",Manlius in Etruria plebem sollicitare,,,,,
SlaT-3042-n27,sum,v#v-w2_MPf102_MP,have-place-91,,,,in ea regione magna copia erat,,,,,
SlaT-3042-n36,facio,v#v-w76_MPf53_MP,relinquo-05,v#01842367,122569,"ACT, PAT","nonnullos ex Sullanis coloniis, quibus lubido atque luxuria ex magnis rapinis nihil reliqui fecerant",,,,single predicate with relinqui,
SlaT-3042-n39,libido,v#v-w1112_MPf5_MP,,,,,"nonnullos ex Sullanis coloniis, quibus lubido atque luxuria ex magnis rapinis nihil reliqui fecerant",,NON-EVENT,,,
Par. 29,,,,,,,,,,,,
SlaT-3043-n1,refero,v#v-w566_MPf7_MP,refero-09,v#00965035,122494,"ACT, PAT","rem ad senatum refert, iam antea volgi rumoribus exagitatum",,,,,
SlaT-3043-n2,nuntio,v#v-w682_MPf3_MP,nuntio-03,v#00870213,114008,"ACT, ADDR, PAT",ea cum Ciceroni nuntiarentur,,,,,
SlaT-3043-n5,permoveo,v#v-w1279_MPf1_MP,permoueo-04,v#01764171,117096,"ACT, PAT",ancipiti malo permotus,,,,,
SlaT-3043-n10,tueor,v#v-w653_MPf4_MP,tueor-06/tueor-07/tueor-14,v#01128193/v#01129337/v#02280132,129187,"ACT, PAT",neque urbem ab insidiis privato consilio longius tueri poterat,,merge,,,
SlaT-3043-n14,consilium,v#v-w316_MPf1_MP,,,,,neque urbem ab insidiis privato consilio longius tueri poterat,,NON-EVENT?,,,
SlaT-3043-n16,longus,v#v-w1402_MPf3_MP,,,,,,,,,,
SlaT-3043-n17,habeo,v#v-w73_MPf63_MP,,,,,satis compertum habebat,,,,single predicate compertum habeo,
3043a7,sum,v#v-w2_MPf96_MP,have-mod-91,,,,,,,,,
SlaT-3043-n23,sum,v#v-w2_MPf212_MP,have-91,,,,,,,,"a single verb would have been a good option, but in Latin such a verb for consilkium does not exist. so we have to resort to a generic predicate ""avere un piano"" (consilium-12)",
SlaT-3043-n24,consilium,v#v-w316_MPf1_MP,consilium-12,n#05907682,96060,ACT,neque exercitus Manli quantus aut quo consilio foret,,NON-EVENT,,,
SlaT-3043-n27,comperio,v#v-w816_MPf2_MP,comperio-NEW-09,v#00721302,95309,"ACT, PAT",satis compertum habebat,learn or discover with certainty,,,,
SlaT-3043-n29,exagito,v#v-w1200_MPf2_MP,exagito-11,v#01762528,101746,"ACT, PAT","rem ad senatum refert, iam antea volgi rumoribus exagitatum",,,,,
SlaT-3044-n1,decerno,v#v-w635_MPf7_MP,decerno-11,v#01027508,98047,"ACT, PAT","senatus decrevit, darent operam consules, ne quid res publica detrimenti caperet",,,,,
SlaT-3044-n3,soleo,v#v-w573_MPf7_MP,soleo-02,v#02370131,125051,"ACT, PAT",quod plerumque in atroci negotio solet,,,,,
SlaT-3044-n9,do,v#v-w72_MPf6_MP,do-operam-NEW-01,v#02549581,,"ACT, PAT","darent operam consules, ne quid res publica detrimenti caperet",take charge of or deal with,,,,
SlaT-3044-n12,capio,v#v-w106_MPf9_MP,capio-NEW-56,v#02109190,92686,"ACT, PAT","senatus decrevit, darent operam consules, ne quid res publica detrimenti caperet",undergo or be subjected to,,,"to replace capio-02 (undergo, of injuries)",
SlaT-3045-n1,permitto,v#v-w107_MPf4_MP,permitto-02,v#00806049,117085,"ACT, EFF, PAT",ea potestas per senatum more Romano magistratui maxuma permittitur,,,,,
SlaT-3045-n2,potestas,v#v-w1087_MPf2_MP,potestas-17,n#14442933,118652,"ACT, PAT",ea potestas per senatum more Romano magistratui maxuma permittitur,,NON-EVENT,,,
3046a2,potestas,v#v-w1087_MPf2_MP,potestas-17,n#14442933,118652,"ACT, PAT",ea potestas per senatum more Romano magistratui maxuma permittitur,,NON-EVENT,,,
SlaT-3046-n2,paro,v#v-w572_MPf14_MP,paro-01,v#00406243,116061,"ACT, PAT",exercitum parare,,,,different frame than other paro-01,
SlaT-3046-n4,gero,v#v-w570_MPf7_MP,gero-15,v#02445509,104536,"ACT, PAT",bellum gerere,,,,,
SlaT-3046-n6,coerceo,v#v-w847_MPf4_MP,coerceo-14,v#02422663,94701,"ACT, PAT",coercere omnibus modis socios atque civis,,,,,
SlaT-3046-n12,habeo,v#v-w73_MPf19_MP,have-91,,,,domi militiaeque imperium atque iudicium summum habere,,,,,
SlaT-3047-n1,sum,v#v-w2_MPf257_MP,belong-91,,,,aliter sine populi iussu nullius earum rerum consuli ius est,,,,,
SlaT-3047-n3,iussus,v#v-w1099_MPf3_MP,iubeo-02/iubeo-04,v#00746718/v#00747135,109152,"ACT, ADDR, PAT",aliter sine populi iussu nullius earum rerum consuli ius est,,EVENT. merge,,,
Par. 30,,,,,,,,,,,,
SlaT-3048-n1,recito,v#v-w1280_MPf1_MP,recito-02,v#01051364,122392,"ACT, PAT",L. Saenius senator in senatu litteras recitavit,,,,,
SlaT-3048-n10,dico,v#v-w9_MPf35_MP,dico2-21,v#01016002,99302,"ACT, PAT","litteras recitavit, quas Faesulis adlatas sibi dicebat",,,,,
SlaT-3048-n11,affero,v#v-w226_MPf8_MP,affero-07,v#02077656,88001,"ACT, DIR3, PAT","litteras recitavit, quas Faesulis adlatas sibi dicebat",,,,,
SlaT-3048-n15,scribo,v#v-w603_MPf7_MP,scribo-02,v#00993014,123840,"ACT, PAT",litteras recitavit [...] in quibus scriptum erat C. Manlium arma cepisse,,,,,
SlaT-3048-n17,capio,v#v-w106_MPf14_MP,capio-15,v#01214265,92686,"ACT, PAT",litteras recitavit [...] in quibus scriptum erat C. Manlium arma cepisse,,,,different frame than other capio-15,
SlaT-3049-n2,nuntio,v#v-w682_MPf4_MP,nuntio-05,v#00873682,114008,"ACT, ADDR, PAT",alii portenta atque prodigia nuntiabant,,,,,
SlaT-3049-n6,soleo,v#v-w573_MPf7_MP,soleo-02,v#02370131,125051,"ACT, PAT",id quod in tali re solet,,,,,
3049a1,nuntio,v#v-w682_MPf5_MP,nuntio-05,v#00873682,114008,"ACT, ADDR, PAT",alii portenta atque prodigia nuntiabant,,,,,
SlaT-3049-n16,fio,v#v-w565_MPf14_MP,fio-02,v#00339934,103328,ACT,"alii (nuntiabant) conventus fieri, arma portari, Capuae atque in Apulia servile bellum moveri",,,,different frame than other fio-02,
SlaT-3049-n18,porto,v#v-w807_MPf6_MP,porto-01/porto-07,v#00047745/v#02717102,118540,"ACT, PAT","alii (nuntiabant) conventus fieri, arma portari, Capuae atque in Apulia servile bellum moveri",,,,,
SlaT-3049-n20,moveo,v#v-w360_MPf29_MP,moueo-15,v#01651293,112848,"ACT, PAT","alii (nuntiabant) conventus fieri, arma portari, Capuae atque in Apulia servile bellum moveri",,,,,
3050a1,mitto,v#v-w228_MPf32_MP,mitto-18,v#01955127,112499,"ACT, INTT, PAT","Q. Marcius Rex Faesulas, Q. Metellus Creticus in Apuliam circumque ea loca missi",,,,,
SlaT-3050-n11,mitto,v#v-w228_MPf33_MP,mitto-18,v#01955127,112499,"ACT, INTT, PAT","Q. Marcius Rex Faesulas, Q. Metellus Creticus in Apuliam circumque ea loca missi",,,,,
SlaT-3050-n19,sum,v#v-w2_MPf128_MP,have-role-91,,,,hi utrique ad urbem imperatores erant,,,,,
SlaT-3050-n24,impedio,v#v-w151_MPf8_MP,impedio-03,v#02557199,106495,"ACT, EFF, PAT","inpediti ne triumpharent calumnia paucorum, quibus omnia honesta atque inhonesta vendere mos erat",,,,,
SlaT-3050-n25,triumpho,v#v-w1281_MPf1_MP,triumpho-04,v#01924505,129057,ACT,"inpediti ne triumpharent calumnia paucorum, quibus omnia honesta atque inhonesta vendere mos erat",,,,,
SlaT-3050-n28,sum,v#v-w2_MPf123_MP,belong-91,,,,,,,,"possibly, replace the whole construction with a single predicate soleo-02. UMR malleability.",
SlaT-3050-n30,vendo,v#v-w864_MPf3_MP,uendo-02,v#02242464,129757,"ACT, ADDR, PAT","inpediti ne triumpharent calumnia paucorum, quibus omnia honesta atque inhonesta vendere mos erat",,,,,
3050a7,mitto,v#v-w228_MPf32_MP,mitto-18,v#01955127,112499,"ACT, INTT, PAT","Q. Marcius Rex Faesulas, Q. Metellus Creticus in Apuliam circumque ea loca missi",,,,,
3050a8,mitto,v#v-w228_MPf31_MP,mitto-18,v#01955127,112499,"ACT, INTT, PAT","Q. Marcius Rex Faesulas, Q. Metellus Creticus in Apuliam circumque ea loca missi",,,,,
SlaT-3050-n51,permitto,v#v-w107_MPf5_MP,permitto-02,v#00806049,117085,"ACT, EFF, PAT","iisque permissum, uti pro tempore atque periculo exercitum conpararent",,,,,
SlaT-3050-n53,comparo,v#v-w558_MPf10_MP,comparo2-02,v#00406243,97455,"ACT, PAT","iisque permissum, uti pro tempore atque periculo exercitum conpararent",,,,,
SlaT-3051-n1,decerno,v#v-w635_MPf8_MP,decerno-11,v#01027508,98047,"ACT, PAT","decrevere, uti gladiatoriae familiae Capuam et in cetera municipia distribuerentur",,,,,
SlaT-3051-n4,indico,v#v-w1282_MPf1_MP,indico-03,v#00933821,107327,"ACT, PAT","si quis indicavisset de coniuratione, quae contra rem publicam facta erat",,,,,
SlaT-3051-n6,conjuratio,v#v-w1094_MPf4_MP,coniuratio-05,n#05908882,95954,ACT,"si quis indicavisset de coniuratione, quae contra rem publicam facta erat",,,,,
SlaT-3051-n7,facio,v#v-w76_MPf17_MP,facio-23,v#01712704,102758,"ACT, PAT","si quis indicavisset de coniuratione, quae contra rem publicam facta erat",,,,,
SlaT-3051-n29,distribuo,v#v-w1283_MPf1_MP,distribuo-02,v#01504130,99877,"ACT, LOC, PAT","decrevere, uti gladiatoriae familiae Capuam et in cetera municipia distribuerentur",,,,,
SlaT-3051-n39,habeo,v#v-w73_MPf19_MP,habeo-15,v#02445509,105044,"ACT, PAT",Romae per totam urbem vigiliae haberentur iisque minores magistratus praeessent,,,,,
SlaT-3051-n43,vigilia,v#v-w1103_MPf4_MP,uigilo-02,v#02151966,130183,ACT,Romae per totam urbem vigiliae haberentur iisque minores magistratus praeessent,,,,,
SlaT-3051-n44,praesum,v#v-w815_MPf2_MP,praesum-01,v#00751887,119265,"ACT, PAT",Romae per totam urbem vigiliae haberentur iisque minores magistratus praeessent,,,,,
